arr_rate,profit_P,num_of_days,num_of_sims,p,S_R1,s_R1,p1,S_R2,s_R2,p2,S_D1,s_D1,S_D2,s_D2,frac_cust_ret,avg_profit,avg_hold_c,avg_del_c,avg_net_profit
10,100,1000,100,0.5,25,25,0.5,25,25,0.5,250,50,250,50,62.62451508,1177.481,1298.07769,1034.61,-1155.20669
10,100,1000,100,0.5,50,25,0.5,50,25,0.5,250,100,250,100,48.92297426,2183.068,1372.30345,708.17,102.59455
10,100,1000,100,0.5,75,25,0.5,75,25,0.5,250,100,250,100,48.08806671,2339.345,1444.70807,502.16,392.47693
10,100,1000,100,0.5,75,50,0.5,75,50,0.5,250,100,250,100,41.12707885,2601.477,1254.57812,895.61,451.28888
10,100,1000,100,0.5,50,25,0.5,50,25,0.5,250,150,250,150,46.01106007,2320.52,1498.39496,775.08,47.04504
10,100,1000,100,0.5,75,25,0.5,75,25,0.5,250,150,250,150,45.08699099,2485.612,1486.98788,601.19,397.43412
10,100,1000,100,0.5,75,50,0.5,75,50,0.5,250,150,250,150,37.35120139,2785.774,1272.16807,980.68,532.92593
10,100,1000,100,0.5,100,25,0.5,100,25,0.5,250,150,250,150,44.91887254,2552.786,1714.25454,438.09,400.44146
10,100,1000,100,0.5,100,50,0.5,100,50,0.5,250,150,250,150,43.38321896,2602.179,1400.15804,608.81,593.21096
10,100,1000,100,0.5,100,75,0.5,100,75,0.5,250,150,250,150,38.6446525,2808.475,1272.19346,829.17,707.11154
10,100,1000,100,0.5,125,25,0.5,125,25,0.5,250,150,250,150,42.39513199,2722.055,1588.81851,473.72,659.51649
10,100,1000,100,0.5,125,50,0.5,125,50,0.5,250,150,250,150,42.38035887,2702.452,1669.89933,477.58,554.97267
10,100,1000,100,0.5,125,75,0.5,125,75,0.5,250,150,250,150,40.91171918,2748.285,1358.91549,660.84,728.52951
10,100,1000,100,0.5,125,100,0.5,125,100,0.5,250,150,250,150,38.98805023,2827.939,1335.13032,732.28,760.52868
10,100,1000,100,0.5,50,25,0.5,50,25,0.5,250,200,250,200,45.35812246,2347.803,1592.98762,836.67,-81.85462
10,100,1000,100,0.5,75,25,0.5,75,25,0.5,250,200,250,200,45.13639576,2485.602,1529.37984,648.48,307.74216
10,100,1000,100,0.5,75,50,0.5,75,50,0.5,250,200,250,200,37.21098575,2792.999,1314.22544,1009.22,469.55356
10,100,1000,100,0.5,100,25,0.5,100,25,0.5,250,200,250,200,50.09702822,2297.624,1660.77092,496.14,140.71308
10,100,1000,100,0.5,100,50,0.5,100,50,0.5,250,200,250,200,43.44858461,2599.593,1455.76719,643.95,499.87581
10,100,1000,100,0.5,100,75,0.5,100,75,0.5,250,200,250,200,38.2217387,2826.566,1315.3962,858.6,652.5698
10,100,1000,100,0.5,125,25,0.5,125,25,0.5,250,200,250,200,42.37522733,2721.472,1591.66456,474.27,655.53744
10,100,1000,100,0.5,125,50,0.5,125,50,0.5,250,200,250,200,48.83360384,2391.887,1619.62419,501.01,271.25281
10,100,1000,100,0.5,125,75,0.5,125,75,0.5,250,200,250,200,40.87922983,2755.442,1408.91047,690.35,656.18153
10,100,1000,100,0.5,125,100,0.5,125,100,0.5,250,200,250,200,39.0515833,2833.719,1372.20654,757.23,704.28246
10,100,1000,100,0.5,150,25,0.5,150,25,0.5,250,200,250,200,44.26632775,2643.152,2221.54043,378.08,43.53157
10,100,1000,100,0.5,150,50,0.5,150,50,0.5,250,200,250,200,41.0813749,2805.396,1721.11714,466.84,617.43886
10,100,1000,100,0.5,150,75,0.5,150,75,0.5,250,200,250,200,47.99415266,2438.282,1617.93283,506.68,313.66917
10,100,1000,100,0.5,150,100,0.5,150,100,0.5,250,200,250,200,41.68210809,2731.127,1461.73059,635.57,633.82641
10,100,1000,100,0.5,150,125,0.5,150,125,0.5,250,200,250,200,41.55399414,2729.6,1505.60193,663.2,560.79807
10,100,1000,100,0.5,175,25,0.5,175,25,0.5,250,200,250,200,37.68688787,2989.396,2285.74663,362.59,341.05937
10,100,1000,100,0.5,175,50,0.5,175,50,0.5,250,200,250,200,43.06314337,2715.378,2230.01946,381.26,104.09854
10,100,1000,100,0.5,175,75,0.5,175,75,0.5,250,200,250,200,39.87914992,2877.879,1721.89507,476.36,679.62393
10,100,1000,100,0.5,175,100,0.5,175,100,0.5,250,200,250,200,49.21333574,2385.54,1681.96213,508.34,195.23787
10,100,1000,100,0.5,175,125,0.5,175,125,0.5,250,200,250,200,41.1109399,2785.321,1611.40379,595.1,578.81721
10,100,1000,100,0.5,175,150,0.5,175,150,0.5,250,200,250,200,41.11524244,2777.585,1656.82079,615.78,504.98421
10,100,1000,100,0.5,50,25,0.5,50,25,0.5,300,100,300,100,48.13376255,2222.33,1650.05855,687.81,-115.53855
10,100,1000,100,0.5,75,25,0.5,75,25,0.5,300,100,300,100,45.05657104,2486.445,1713.6046,504.55,268.2904
10,100,1000,100,0.5,75,50,0.5,75,50,0.5,300,100,300,100,35.88271065,2868.752,1530.69008,944.35,393.71192
10,100,1000,100,0.5,50,25,0.5,50,25,0.5,300,150,300,150,45.1031682,2359.09,1802.61109,737.16,-180.68109
10,100,1000,100,0.5,75,25,0.5,75,25,0.5,300,150,300,150,40.29064989,2711.211,1781.78596,595.29,334.13504
10,100,1000,100,0.5,75,50,0.5,75,50,0.5,300,150,300,150,30.46065944,3141.833,1567.48176,1041.82,532.53124
10,100,1000,100,0.5,100,25,0.5,100,25,0.5,300,150,300,150,36.27723184,2979.471,1864.01564,525.48,589.97536
10,100,1000,100,0.5,100,50,0.5,100,50,0.5,300,150,300,150,34.4384765,3056.182,1698.44707,653.79,703.94493
10,100,1000,100,0.5,100,75,0.5,100,75,0.5,300,150,300,150,28.82844268,3312.558,1558.6087,932.8,821.1493
10,100,1000,100,0.5,125,25,0.5,125,25,0.5,300,150,300,150,36.58631333,2999.924,2167.04688,393.12,439.75712
10,100,1000,100,0.5,125,50,0.5,125,50,0.5,300,150,300,150,33.10359316,3169.256,1811.72099,550.31,807.22501
10,100,1000,100,0.5,125,75,0.5,125,75,0.5,300,150,300,150,32.49712462,3183.519,1656.88736,709.74,816.89164
10,100,1000,100,0.5,125,100,0.5,125,100,0.5,300,150,300,150,29.5760601,3323.344,1649.9998,826.28,847.0642
10,100,1000,100,0.5,50,25,0.5,50,25,0.5,300,200,300,200,44.33704991,2394.312,2001.88886,790.45,-398.02686
10,100,1000,100,0.5,75,25,0.5,75,25,0.5,300,200,300,200,37.44032819,2856.276,1921.36691,664.06,270.84909
10,100,1000,100,0.5,75,50,0.5,75,50,0.5,300,200,300,200,27.9732336,3264.461,1666.10142,1118.29,480.06958
10,100,1000,100,0.5,100,25,0.5,100,25,0.5,300,200,300,200,36.03381733,2986.833,1868.05485,526.6,592.17815
10,100,1000,100,0.5,100,50,0.5,100,50,0.5,300,200,300,200,32.39761728,3148.572,1745.1673,701.87,701.5347
10,100,1000,100,0.5,100,75,0.5,100,75,0.5,300,200,300,200,27.11142525,3402.079,1597.20379,976.07,828.80521
10,100,1000,100,0.5,125,25,0.5,125,25,0.5,300,200,300,200,42.49324235,2714.123,2090.47106,472.87,150.78194
10,100,1000,100,0.5,125,50,0.5,125,50,0.5,300,200,300,200,33.14448004,3164.101,1822.85087,559.79,781.46013
10,100,1000,100,0.5,125,75,0.5,125,75,0.5,300,200,300,200,31.27691091,3239.993,1697.18043,745.34,797.47257
10,100,1000,100,0.5,125,100,0.5,125,100,0.5,300,200,300,200,29.08488238,3347.573,1685.77999,852.45,809.34301
10,100,1000,100,0.5,150,25,0.5,150,25,0.5,300,200,300,200,32.44694843,3229.303,2119.25701,460.21,649.83599
10,100,1000,100,0.5,150,50,0.5,150,50,0.5,300,200,300,200,41.01518884,2802.308,2037.16259,477.7,287.44541
10,100,1000,100,0.5,150,75,0.5,150,75,0.5,300,200,300,200,31.89138267,3251.613,1807.55375,572.55,871.50925
10,100,1000,100,0.5,150,100,0.5,150,100,0.5,300,200,300,200,28.83082539,3402.423,1724.68312,721.11,956.62988
10,100,1000,100,0.5,150,125,0.5,150,125,0.5,300,200,300,200,28.8174612,3379.059,1772.24745,777.61,829.20155
10,100,1000,100,0.5,175,25,0.5,175,25,0.5,300,200,300,200,37.59033376,2996.255,2786.11811,363.24,-153.10311
10,100,1000,100,0.5,175,50,0.5,175,50,0.5,300,200,300,200,31.47910086,3303.986,2241.06445,455.32,607.60155
10,100,1000,100,0.5,175,75,0.5,175,75,0.5,300,200,300,200,40.60759427,2833.522,2028.93392,482.39,322.19808
10,100,1000,100,0.5,175,100,0.5,175,100,0.5,300,200,300,200,31.18719321,3300.279,1810.40444,592.58,897.29456
10,100,1000,100,0.5,175,125,0.5,175,125,0.5,300,200,300,200,31.76034176,3263.821,1870.18043,649.81,743.83057
10,100,1000,100,0.5,175,150,0.5,175,150,0.5,300,200,300,200,31.33662168,3275.238,1924.43718,696.57,654.23082
10,100,1000,100,0.5,50,25,0.5,50,25,0.5,300,250,300,250,44.32645513,2398.327,2091.77993,849.04,-542.49293
10,100,1000,100,0.5,75,25,0.5,75,25,0.5,300,250,300,250,38.04258066,2831.857,1952.21541,709.85,169.79159
10,100,1000,100,0.5,75,50,0.5,75,50,0.5,300,250,300,250,28.241541,3257.722,1696.53026,1141.68,419.51174
10,100,1000,100,0.5,100,25,0.5,100,25,0.5,300,250,300,250,35.753061,3010.517,1965.13869,590.71,454.66831
10,100,1000,100,0.5,100,50,0.5,100,50,0.5,300,250,300,250,32.77856766,3134.153,1790.60336,733.8,609.74964
10,100,1000,100,0.5,100,75,0.5,100,75,0.5,300,250,300,250,26.94531593,3407.6,1638.40876,1001.21,767.98124
10,100,1000,100,0.5,125,25,0.5,125,25,0.5,300,250,300,250,42.39795237,2712.293,2091.58669,472.4,148.30631
10,100,1000,100,0.5,125,50,0.5,125,50,0.5,300,250,300,250,33.58107407,3148.824,1880.61296,597.64,670.57104
10,100,1000,100,0.5,125,75,0.5,125,75,0.5,300,250,300,250,31.46206056,3232.715,1746.19876,768.7,717.81624
10,100,1000,100,0.5,125,100,0.5,125,100,0.5,300,250,300,250,28.73970354,3368.368,1720.39933,878.54,769.42867
10,100,1000,100,0.5,150,25,0.5,150,25,0.5,300,250,300,250,32.3714512,3240.639,2114.96537,461.85,663.82363
10,100,1000,100,0.5,150,50,0.5,150,50,0.5,300,250,300,250,40.68349678,2807.038,2036.85762,479.07,291.11038
10,100,1000,100,0.5,150,75,0.5,150,75,0.5,300,250,300,250,32.00660889,3246.486,1863.08604,606.46,776.93996
10,100,1000,100,0.5,150,100,0.5,150,100,0.5,300,250,300,250,28.85987987,3395.874,1785.68349,745.81,864.38051
10,100,1000,100,0.5,150,125,0.5,150,125,0.5,300,250,300,250,28.84672048,3382.992,1802.65504,798.03,782.30696
10,100,1000,100,0.5,175,25,0.5,175,25,0.5,300,250,300,250,38.03004772,2977.134,2788.16755,360.94,-171.97355
10,100,1000,100,0.5,175,50,0.5,175,50,0.5,300,250,300,250,31.21487284,3316,2245.30107,456.08,614.61893
10,100,1000,100,0.5,175,75,0.5,175,75,0.5,300,250,300,250,40.55670447,2834.377,2028.91539,482.84,322.62161
10,100,1000,100,0.5,175,100,0.5,175,100,0.5,300,250,300,250,31.23845735,3291.68,1896.74286,621.41,773.52714
10,100,1000,100,0.5,175,125,0.5,175,125,0.5,300,250,300,250,31.94807614,3251.682,1927.00963,671.2,653.47237
10,100,1000,100,0.5,175,150,0.5,175,150,0.5,300,250,300,250,31.25320671,3282.688,1949.96119,717.82,614.90681
10,100,1000,100,0.5,200,25,0.5,200,25,0.5,300,250,300,250,32.18626069,3279.962,2882.53247,344.91,52.51953
10,100,1000,100,0.5,200,50,0.5,200,50,0.5,300,250,300,250,35.15995728,3127.531,2798.84115,373.69,-45.00015
10,100,1000,100,0.5,200,75,0.5,200,75,0.5,300,250,300,250,29.86093987,3406.922,2249.50326,466.28,691.13874
10,100,1000,100,0.5,200,100,0.5,200,100,0.5,300,250,300,250,39.82101342,2880.528,2064.41071,485.94,330.17729
10,100,1000,100,0.5,200,125,0.5,200,125,0.5,300,250,300,250,30.2790705,3362.192,2029.6962,602.14,730.3558
10,100,1000,100,0.5,200,150,0.5,200,150,0.5,300,250,300,250,31.39018658,3296.302,2051.75578,635.55,608.99622
10,100,1000,100,0.5,200,175,0.5,200,175,0.5,300,250,300,250,31.44511211,3286.674,2110.39455,667.51,508.76945
10,100,1000,100,0.5,225,25,0.5,225,25,0.5,300,250,300,250,28.2013744,3488.807,2995.31571,323.89,169.60129
10,100,1000,100,0.5,225,50,0.5,225,50,0.5,300,250,300,250,28.9496433,3460.176,2900.56036,359.32,200.29564
10,100,1000,100,0.5,225,75,0.5,225,75,0.5,300,250,300,250,33.88366731,3200.285,2825.36669,381.81,-6.89169
10,100,1000,100,0.5,225,100,0.5,225,100,0.5,300,250,300,250,28.81519166,3462.313,2307.28571,472.82,682.20729
10,100,1000,100,0.5,225,125,0.5,225,125,0.5,300,250,300,250,40.36988951,2852.289,2125.94339,490.8,235.54561
10,100,1000,100,0.5,225,150,0.5,225,150,0.5,300,250,300,250,33.96369589,3178.317,2264.75994,547.57,365.98706
10,100,1000,100,0.5,225,175,0.5,225,175,0.5,300,250,300,250,29.76732283,3384.744,2255.99475,613.86,514.88925
10,100,1000,100,0.5,225,200,0.5,225,200,0.5,300,250,300,250,30.0910301,3364.219,2306.5493,640.2,417.4697
10,100,1000,100,0.5,50,25,0.5,50,25,0.5,350,100,350,100,47.57405515,2248.302,1911.79721,674.7,-338.19521
10,100,1000,100,0.5,75,25,0.5,75,25,0.5,350,100,350,100,41.59121808,2652.81,1984.64828,525.95,142.21172
10,100,1000,100,0.5,75,50,0.5,75,50,0.5,350,100,350,100,33.92377487,2962.272,1804.94717,947.3,210.02483
10,100,1000,100,0.5,50,25,0.5,50,25,0.5,350,150,350,150,44.95786727,2369.534,2071.68822,709.22,-411.37422
10,100,1000,100,0.5,75,25,0.5,75,25,0.5,350,150,350,150,38.10940552,2821.449,2083.00926,582.75,155.68974
10,100,1000,100,0.5,75,50,0.5,75,50,0.5,350,150,350,150,28.32514813,3256.433,1881.16581,1040.4,334.86719
10,100,1000,100,0.5,100,25,0.5,100,25,0.5,350,150,350,150,38.18165654,2884.267,2194.04779,439.85,250.36921
10,100,1000,100,0.5,100,50,0.5,100,50,0.5,350,150,350,150,29.25896116,3308.518,2014.74937,669.29,624.47863
10,100,1000,100,0.5,100,75,0.5,100,75,0.5,350,150,350,150,22.85075821,3635.422,1872.1677,988.19,775.0643
10,100,1000,100,0.5,125,25,0.5,125,25,0.5,350,150,350,150,30.91674919,3277.128,2430.02084,443.31,403.79716
10,100,1000,100,0.5,125,50,0.5,125,50,0.5,350,150,350,150,31.05967403,3270.221,2182.75894,499.96,587.50206
10,100,1000,100,0.5,125,75,0.5,125,75,0.5,350,150,350,150,24.15791846,3628.52,1970.19217,761.37,896.95783
10,100,1000,100,0.5,125,100,0.5,125,100,0.5,350,150,350,150,21.68637023,3750.156,1962.38815,908.18,879.58785
10,100,1000,100,0.5,50,25,0.5,50,25,0.5,350,200,350,200,44.24834611,2398.77,2294.81098,741.27,-637.31098
10,100,1000,100,0.5,75,25,0.5,75,25,0.5,350,200,350,200,35.51073168,2951.158,2231.27053,619.73,100.15747
10,100,1000,100,0.5,75,50,0.5,75,50,0.5,350,200,350,200,25.34965646,3407.485,2006.14016,1105.01,296.33484
10,100,1000,100,0.5,100,25,0.5,100,25,0.5,350,200,350,200,32.80961272,3143.844,2372.4773,541.69,229.6767
10,100,1000,100,0.5,100,50,0.5,100,50,0.5,350,200,350,200,26.28448504,3468.213,2088.06582,715.19,664.95718
10,100,1000,100,0.5,100,75,0.5,100,75,0.5,350,200,350,200,18.96427833,3847.45,1925.60887,1060.7,861.14113
10,100,1000,100,0.5,125,25,0.5,125,25,0.5,350,200,350,200,30.8674164,3290.658,2428.83312,444.89,416.93488
10,100,1000,100,0.5,125,50,0.5,125,50,0.5,350,200,350,200,27.90705366,3438.397,2236.21944,584.47,617.70756
10,100,1000,100,0.5,125,75,0.5,125,75,0.5,350,200,350,200,21.52385094,3767.693,2000.33704,802.97,964.38596
10,100,1000,100,0.5,125,100,0.5,125,100,0.5,350,200,350,200,19.35060673,3867.454,2008.92224,952.28,906.25176
10,100,1000,100,0.5,150,25,0.5,150,25,0.5,350,200,350,200,30.20682111,3344.851,2610.65138,359.06,375.13962
10,100,1000,100,0.5,150,50,0.5,150,50,0.5,350,200,350,200,26.99791495,3501.757,2430.06784,468.06,603.62916
10,100,1000,100,0.5,150,75,0.5,150,75,0.5,350,200,350,200,25.92228144,3562.822,2209.38513,606.81,746.62687
10,100,1000,100,0.5,150,100,0.5,150,100,0.5,350,200,350,200,21.26722912,3800.463,2096.52252,767.7,936.24048
10,100,1000,100,0.5,150,125,0.5,150,125,0.5,350,200,350,200,19.34921572,3882.854,2138.20126,877.01,867.64274
10,100,1000,100,0.5,175,25,0.5,175,25,0.5,350,200,350,200,25.00993903,3626.003,2741.24014,437.48,447.28286
10,100,1000,100,0.5,175,50,0.5,175,50,0.5,350,200,350,200,24.39906667,3653.027,2644.40601,402.58,606.04099
10,100,1000,100,0.5,175,75,0.5,175,75,0.5,350,200,350,200,23.79801747,3700.818,2436.20065,499.57,765.04735
10,100,1000,100,0.5,175,100,0.5,175,100,0.5,350,200,350,200,23.2348073,3718.444,2258.70265,639,820.74135
10,100,1000,100,0.5,175,125,0.5,175,125,0.5,350,200,350,200,20.12362337,3872.059,2214.25258,732.69,925.11642
10,100,1000,100,0.5,175,150,0.5,175,150,0.5,350,200,350,200,19.14715936,3912.041,2269.65395,816.71,825.67705
10,100,1000,100,0.5,50,25,0.5,50,25,0.5,350,250,350,250,44.15804091,2401.747,2503.0365,791.67,-892.9595
10,100,1000,100,0.5,75,25,0.5,75,25,0.5,350,250,350,250,34.60035555,2990.701,2437.37553,683.03,-129.70453
10,100,1000,100,0.5,75,50,0.5,75,50,0.5,350,250,350,250,24.55826607,3446.882,2149.11577,1170.61,127.15623
10,100,1000,100,0.5,100,25,0.5,100,25,0.5,350,250,350,250,33.01431433,3134.027,2371.6551,539.76,222.6119
10,100,1000,100,0.5,100,50,0.5,100,50,0.5,350,250,350,250,24.64022006,3550.185,2194.46643,767.75,587.96857
10,100,1000,100,0.5,100,75,0.5,100,75,0.5,350,250,350,250,18.34465721,3882.305,1995.10017,1096.7,790.50483
10,100,1000,100,0.5,125,25,0.5,125,25,0.5,350,250,350,250,29.922368,3333.546,2567.93732,531.87,233.73868
10,100,1000,100,0.5,125,50,0.5,125,50,0.5,350,250,350,250,27.84609123,3442.31,2256.2937,594.19,591.8263
10,100,1000,100,0.5,125,75,0.5,125,75,0.5,350,250,350,250,20.27055236,3826.653,2067.9677,842.51,916.1753
10,100,1000,100,0.5,125,100,0.5,125,100,0.5,350,250,350,250,18.21986595,3933.765,2064.18008,992.9,876.68492
10,100,1000,100,0.5,150,25,0.5,150,25,0.5,350,250,350,250,32.64404051,3224.224,2619.76396,459.52,144.94004
10,100,1000,100,0.5,150,50,0.5,150,50,0.5,350,250,350,250,27.93717831,3463.824,2478.15722,540.43,445.23678
10,100,1000,100,0.5,150,75,0.5,150,75,0.5,350,250,350,250,26.10309696,3555.664,2224.64262,612.8,718.22138
10,100,1000,100,0.5,150,100,0.5,150,100,0.5,350,250,350,250,20.42771251,3841.949,2158.35902,797.9,885.68998
10,100,1000,100,0.5,150,125,0.5,150,125,0.5,350,250,350,250,19.29710438,3907.533,2187.50527,903.91,816.11773
10,100,1000,100,0.5,175,25,0.5,175,25,0.5,350,250,350,250,25.08838076,3622.238,2743.61045,436.09,442.53755
10,100,1000,100,0.5,175,50,0.5,175,50,0.5,350,250,350,250,30.52001775,3353.731,2528.66475,470.82,354.24625
10,100,1000,100,0.5,175,75,0.5,175,75,0.5,350,250,350,250,25.98180253,3583.875,2465.67653,553.47,564.72847
10,100,1000,100,0.5,175,100,0.5,175,100,0.5,350,250,350,250,23.32872272,3715.531,2261.19974,642.77,811.56126
10,100,1000,100,0.5,175,125,0.5,175,125,0.5,350,250,350,250,19.83837156,3889.197,2265.58795,756.88,866.72905
10,100,1000,100,0.5,175,150,0.5,175,150,0.5,350,250,350,250,18.76844851,3936.502,2313.36363,843.69,779.44837
10,100,1000,100,0.5,200,25,0.5,200,25,0.5,350,250,350,250,32.35230244,3275.23,3380.18481,344.33,-449.28481
10,100,1000,100,0.5,200,50,0.5,200,50,0.5,350,250,350,250,22.87838617,3762.231,2827.1669,442.14,492.9241
10,100,1000,100,0.5,200,75,0.5,200,75,0.5,350,250,350,250,29.92726219,3393.263,2524.98052,475.25,393.03248
10,100,1000,100,0.5,200,100,0.5,200,100,0.5,350,250,350,250,25.01020199,3645.43,2549.356,558.05,538.024
10,100,1000,100,0.5,200,125,0.5,200,125,0.5,350,250,350,250,24.250534,3678.58,2363.66638,619.46,695.45362
10,100,1000,100,0.5,200,150,0.5,200,150,0.5,350,250,350,250,21.05585923,3833.147,2428.69033,709.18,695.27667
10,100,1000,100,0.5,200,175,0.5,200,175,0.5,350,250,350,250,20.88841889,3831.939,2480.36392,770.49,581.08508
10,100,1000,100,0.5,225,25,0.5,225,25,0.5,350,250,350,250,28.17528436,3493.586,3492.90882,324.42,-323.74282
10,100,1000,100,0.5,225,50,0.5,225,50,0.5,350,250,350,250,28.6996444,3463.43,3401.82878,359.52,-297.91878
10,100,1000,100,0.5,225,75,0.5,225,75,0.5,350,250,350,250,20.25995024,3898.147,2851.99917,455.97,590.17783
10,100,1000,100,0.5,225,100,0.5,225,100,0.5,350,250,350,250,29.2421234,3436.877,2566.93614,481.53,388.41086
10,100,1000,100,0.5,225,125,0.5,225,125,0.5,350,250,350,250,22.0963795,3800.817,2619.16362,580.34,601.31338
10,100,1000,100,0.5,225,150,0.5,225,150,0.5,350,250,350,250,21.74241653,3807.071,2505.1066,608.35,693.6144
10,100,1000,100,0.5,225,175,0.5,225,175,0.5,350,250,350,250,21.78250538,3805.762,2595.58615,667.76,542.41585
10,100,1000,100,0.5,225,200,0.5,225,200,0.5,350,250,350,250,21.29944276,3827.827,2648.83478,726.15,452.84222
10,100,1000,100,0.5,50,25,0.5,50,25,0.5,350,300,350,300,44.26613298,2404.006,2593.16863,849.1,-1038.26263
10,100,1000,100,0.5,75,25,0.5,75,25,0.5,350,300,350,300,34.76270315,2982.713,2449.54747,736.2,-203.03447
10,100,1000,100,0.5,75,50,0.5,75,50,0.5,350,300,350,300,24.74494323,3438.789,2168.72852,1194,76.06048
10,100,1000,100,0.5,100,25,0.5,100,25,0.5,350,300,350,300,32.8243472,3157.562,2465.37377,608.51,83.67823
10,100,1000,100,0.5,100,50,0.5,100,50,0.5,350,300,350,300,25.02995151,3527.938,2209.00114,799.36,519.57686
10,100,1000,100,0.5,100,75,0.5,100,75,0.5,350,300,350,300,18.42833889,3877.544,2020.60423,1117.7,739.23977
10,100,1000,100,0.5,125,25,0.5,125,25,0.5,350,300,350,300,30.03558423,3328.308,2571.84535,530.13,226.33265
10,100,1000,100,0.5,125,50,0.5,125,50,0.5,350,300,350,300,27.91951079,3444.493,2305.43519,634.77,504.28781
10,100,1000,100,0.5,125,75,0.5,125,75,0.5,350,300,350,300,20.87230575,3801.363,2096.30925,860.27,844.78375
10,100,1000,100,0.5,125,100,0.5,125,100,0.5,350,300,350,300,18.43131827,3920.995,2091.97417,1007.12,821.90083
10,100,1000,100,0.5,150,25,0.5,150,25,0.5,350,300,350,300,32.82648764,3215.28,2619.88728,458.24,137.15272
10,100,1000,100,0.5,150,50,0.5,150,50,0.5,350,300,350,300,28.02053401,3459.477,2479.27218,538.88,441.32482
10,100,1000,100,0.5,150,75,0.5,150,75,0.5,350,300,350,300,26.05712295,3561.492,2271.21314,646.71,643.56886
10,100,1000,100,0.5,150,100,0.5,150,100,0.5,350,300,350,300,20.76060697,3827.792,2202.48212,819.22,806.08988
10,100,1000,100,0.5,150,125,0.5,150,125,0.5,350,300,350,300,18.65874929,3938.13,2215.08845,930.69,792.35155
10,100,1000,100,0.5,175,25,0.5,175,25,0.5,350,300,350,300,24.922401,3632.083,2744.45708,438.03,449.59592
10,100,1000,100,0.5,175,50,0.5,175,50,0.5,350,300,350,300,30.35664162,3354.065,2537.44086,470.42,346.20414
10,100,1000,100,0.5,175,75,0.5,175,75,0.5,350,300,350,300,26.15608248,3573.489,2472.09724,551.01,550.38176
10,100,1000,100,0.5,175,100,0.5,175,100,0.5,350,300,350,300,23.5111151,3706.447,2327.45739,671.41,707.57961
10,100,1000,100,0.5,175,125,0.5,175,125,0.5,350,300,350,300,19.58630154,3896.644,2311.32926,780.72,804.59474
10,100,1000,100,0.5,175,150,0.5,175,150,0.5,350,300,350,300,18.76770096,3932.381,2347.21602,860.82,724.34498
10,100,1000,100,0.5,200,25,0.5,200,25,0.5,350,300,350,300,32.62659663,3255.228,3383.10607,342.25,-470.12807
10,100,1000,100,0.5,200,50,0.5,200,50,0.5,350,300,350,300,22.96499737,3751.181,2834.01871,440.61,476.55229
10,100,1000,100,0.5,200,75,0.5,200,75,0.5,350,300,350,300,29.66207852,3399.348,2524.89945,476.64,397.80855
10,100,1000,100,0.5,200,100,0.5,200,100,0.5,350,300,350,300,25.04797354,3650.344,2543.25882,558.24,548.84518
10,100,1000,100,0.5,200,125,0.5,200,125,0.5,350,300,350,300,24.69090659,3647.051,2431.22088,638.01,577.82012
10,100,1000,100,0.5,200,150,0.5,200,150,0.5,350,300,350,300,20.77812473,3849.238,2477.35906,732.64,639.23894
10,100,1000,100,0.5,200,175,0.5,200,175,0.5,350,300,350,300,20.74234998,3843.97,2513.0365,790.61,540.3235
10,100,1000,100,0.5,225,25,0.5,225,25,0.5,350,300,350,300,28.26252446,3489.516,3494.02592,324.11,-328.61992
10,100,1000,100,0.5,225,50,0.5,225,50,0.5,350,300,350,300,28.6822492,3472.824,3398.80891,360.42,-286.40491
10,100,1000,100,0.5,225,75,0.5,225,75,0.5,350,300,350,300,21.15556168,3865.367,2849.58692,451.8,563.98008
10,100,1000,100,0.5,225,100,0.5,225,100,0.5,350,300,350,300,29.58209699,3418.547,2568.88194,478.71,370.95506
10,100,1000,100,0.5,225,125,0.5,225,125,0.5,350,300,350,300,22.39340478,3783.898,2619.47212,577.85,586.57588
10,100,1000,100,0.5,225,150,0.5,225,150,0.5,350,300,350,300,21.90213583,3804.014,2550.99953,627.64,625.37447
10,100,1000,100,0.5,225,175,0.5,225,175,0.5,350,300,350,300,21.56824809,3812.328,2628.29632,688.48,495.55168
10,100,1000,100,0.5,225,200,0.5,225,200,0.5,350,300,350,300,21.0968621,3828.968,2677.08081,741.17,410.71719
10,100,1000,100,0.5,250,25,0.5,250,25,0.5,350,300,350,300,24.45844488,3686.324,3623.09181,306.42,-243.18781
10,100,1000,100,0.5,250,50,0.5,250,50,0.5,350,300,350,300,24.00800834,3711.953,3523.75827,340.93,-152.73527
10,100,1000,100,0.5,250,75,0.5,250,75,0.5,350,300,350,300,26.83287608,3572.159,3441.32848,370.61,-239.77948
10,100,1000,100,0.5,250,100,0.5,250,100,0.5,350,300,350,300,19.75587686,3946.805,2931.92442,460.51,554.37058
10,100,1000,100,0.5,250,125,0.5,250,125,0.5,350,300,350,300,28.4175561,3484.481,2644.24863,484.62,355.61237
10,100,1000,100,0.5,250,150,0.5,250,150,0.5,350,300,350,300,28.09469806,3494.849,2809.08741,530.2,155.56159
10,100,1000,100,0.5,250,175,0.5,250,175,0.5,350,300,350,300,20.86093026,3863.401,2762.98154,609.12,491.29946
10,100,1000,100,0.5,250,200,0.5,250,200,0.5,350,300,350,300,20.95825423,3858.902,2817.31141,662.13,379.46059
10,100,1000,100,0.5,250,225,0.5,250,225,0.5,350,300,350,300,20.57481598,3874.215,2863.52739,708.39,302.29761
10,100,1000,100,0.5,275,25,0.5,275,25,0.5,350,300,350,300,21.28302136,3855.077,3764.56147,289.8,-199.28447
10,100,1000,100,0.5,275,50,0.5,275,50,0.5,350,300,350,300,20.28969802,3915.191,3663.34444,322.16,-70.31344
10,100,1000,100,0.5,275,75,0.5,275,75,0.5,350,300,350,300,20.92439686,3878.497,3590.36686,355.74,-67.60986
10,100,1000,100,0.5,275,100,0.5,275,100,0.5,350,300,350,300,25.61036276,3643.345,3515.922,377.44,-250.017
10,100,1000,100,0.5,275,125,0.5,275,125,0.5,350,300,350,300,18.90571026,3987.293,3063.06203,464.4,459.83097
10,100,1000,100,0.5,275,150,0.5,275,150,0.5,350,300,350,300,28.48745261,3479.047,2728.6214,490.21,260.2156
10,100,1000,100,0.5,275,175,0.5,275,175,0.5,350,300,350,300,26.67132923,3579.191,2867.77792,521.01,190.40308
10,100,1000,100,0.5,275,200,0.5,275,200,0.5,350,300,350,300,22.10070286,3815.165,3028.22446,579.29,207.65054
10,100,1000,100,0.5,275,225,0.5,275,225,0.5,350,300,350,300,20.0938304,3909.782,3037.99288,644.69,227.09912
10,100,1000,100,0.5,275,250,0.5,275,250,0.5,350,300,350,300,20.2743595,3893.223,3072.72414,679.74,140.75886
10,100,1000,100,0.5,50,25,0.5,50,25,0.5,400,100,400,100,47.01150563,2276.298,2179.56172,665.65,-568.91372
10,100,1000,100,0.5,75,25,0.5,75,25,0.5,400,100,400,100,40.40490803,2712.35,2240.46773,523.13,-51.24773
10,100,1000,100,0.5,75,50,0.5,75,50,0.5,400,100,400,100,33.37315646,3002.127,2067.46867,937.4,-2.74167
10,100,1000,100,0.5,50,25,0.5,50,25,0.5,400,150,400,150,44.77693139,2373.542,2326.43489,690.86,-643.75289
10,100,1000,100,0.5,75,25,0.5,75,25,0.5,400,150,400,150,36.86114316,2886.859,2384.82918,572.48,-70.45018
10,100,1000,100,0.5,75,50,0.5,75,50,0.5,400,150,400,150,27.34814318,3302.796,2160.82044,1027.08,114.89556
10,100,1000,100,0.5,100,25,0.5,100,25,0.5,400,150,400,150,32.31096157,3174.68,2548.43881,488.33,137.91119
10,100,1000,100,0.5,100,50,0.5,100,50,0.5,400,150,400,150,26.75328122,3449.771,2323.28387,669.2,457.28713
10,100,1000,100,0.5,100,75,0.5,100,75,0.5,400,150,400,150,19.69577215,3809.584,2175.85446,1007.41,626.31954
10,100,1000,100,0.5,125,25,0.5,125,25,0.5,400,150,400,150,34.15361608,3120.411,2556.44871,363.04,200.92229
10,100,1000,100,0.5,125,50,0.5,125,50,0.5,400,150,400,150,24.28147962,3613.708,2474.74064,547.91,591.05736
10,100,1000,100,0.5,125,75,0.5,125,75,0.5,400,150,400,150,18.72954493,3914.271,2295.01898,785.19,834.06202
10,100,1000,100,0.5,125,100,0.5,125,100,0.5,400,150,400,150,16.42527809,4036.015,2286.32366,956.56,793.13134
10,100,1000,100,0.5,50,25,0.5,50,25,0.5,400,200,400,200,44.3997863,2403.52,2547.08916,710.6,-854.16916
10,100,1000,100,0.5,75,25,0.5,75,25,0.5,400,200,400,200,35.0241466,2979.177,2519.41844,596.54,-136.78144
10,100,1000,100,0.5,75,50,0.5,75,50,0.5,400,200,400,200,24.73128308,3444.171,2304.38583,1078.66,61.12517
10,100,1000,100,0.5,100,25,0.5,100,25,0.5,400,200,400,200,31.37797929,3218.558,2573.24554,502.76,142.55246
10,100,1000,100,0.5,100,50,0.5,100,50,0.5,400,200,400,200,23.41454204,3620.292,2424.83363,710.43,485.02837
10,100,1000,100,0.5,100,75,0.5,100,75,0.5,400,200,400,200,15.08425302,4056.345,2256.6709,1081.11,718.5641
10,100,1000,100,0.5,125,25,0.5,125,25,0.5,400,200,400,200,27.32563089,3464.13,2825.94288,470.18,168.00712
10,100,1000,100,0.5,125,50,0.5,125,50,0.5,400,200,400,200,22.49790516,3702.844,2520.8629,574.5,607.4811
10,100,1000,100,0.5,125,75,0.5,125,75,0.5,400,200,400,200,15.38271522,4089.345,2350.16157,830.45,908.73343
10,100,1000,100,0.5,125,100,0.5,125,100,0.5,400,200,400,200,12.37333704,4255.521,2349.72887,1024.6,881.19213
10,100,1000,100,0.5,150,25,0.5,150,25,0.5,400,200,400,200,29.40633788,3384.161,3082.54322,365.74,-64.12222
10,100,1000,100,0.5,150,50,0.5,150,50,0.5,400,200,400,200,20.66942462,3831.863,2717.03594,515.98,598.84706
10,100,1000,100,0.5,150,75,0.5,150,75,0.5,400,200,400,200,17.36268265,4017.184,2499.87304,626.63,890.68096
10,100,1000,100,0.5,150,100,0.5,150,100,0.5,400,200,400,200,13.21113716,4246.78,2465.015,828.64,953.125
10,100,1000,100,0.5,150,125,0.5,150,125,0.5,400,200,400,200,11.5598016,4320.676,2515.31592,971.22,834.14008
10,100,1000,100,0.5,175,25,0.5,175,25,0.5,400,200,400,200,25.33525458,3614.12,3075.30787,329.02,209.79213
10,100,1000,100,0.5,175,50,0.5,175,50,0.5,400,200,400,200,23.73560135,3688.027,3087.38282,393.67,206.97418
10,100,1000,100,0.5,175,75,0.5,175,75,0.5,400,200,400,200,17.00307062,4050.008,2704.4226,548.16,797.4254
10,100,1000,100,0.5,175,100,0.5,175,100,0.5,400,200,400,200,14.94397505,4166.523,2582.89947,660.9,922.72353
10,100,1000,100,0.5,175,125,0.5,175,125,0.5,400,200,400,200,12.441404,4282.624,2645.7096,793.05,843.8644
10,100,1000,100,0.5,175,150,0.5,175,150,0.5,400,200,400,200,11.40007372,4338.776,2694.05757,916.3,728.41843
10,100,1000,100,0.5,50,25,0.5,50,25,0.5,400,250,400,250,44.24994303,2404.083,2791.14659,742.35,-1129.41359
10,100,1000,100,0.5,75,25,0.5,75,25,0.5,400,250,400,250,34.1381327,3012.789,2734.35649,626.64,-348.20749
10,100,1000,100,0.5,75,50,0.5,75,50,0.5,400,250,400,250,23.87342506,3488.75,2499.5431,1125.84,-136.6331
10,100,1000,100,0.5,100,25,0.5,100,25,0.5,400,250,400,250,28.60636547,3353.399,2879.09748,561.97,-87.66848
10,100,1000,100,0.5,100,50,0.5,100,50,0.5,400,250,400,250,21.46707513,3719.965,2564.65188,750.19,405.12312
10,100,1000,100,0.5,100,75,0.5,100,75,0.5,400,250,400,250,12.93841886,4176.568,2384.4704,1142.08,650.0176
10,100,1000,100,0.5,125,25,0.5,125,25,0.5,400,250,400,250,27.39038393,3454.656,2826.20181,468.95,159.50419
10,100,1000,100,0.5,125,50,0.5,125,50,0.5,400,250,400,250,19.34200858,3878.822,2687.52966,635.76,555.53234
10,100,1000,100,0.5,125,75,0.5,125,75,0.5,400,250,400,250,12.63500278,4240.776,2442.87804,878.52,919.37796
10,100,1000,100,0.5,125,100,0.5,125,100,0.5,400,250,400,250,10.25745212,4387.067,2439.36007,1081.61,866.09693
10,100,1000,100,0.5,150,25,0.5,150,25,0.5,400,250,400,250,29.76482637,3372.544,3075.52996,364.32,-67.30596
10,100,1000,100,0.5,150,50,0.5,150,50,0.5,400,250,400,250,20.85208305,3820.301,2719.24842,513.94,587.11258
10,100,1000,100,0.5,150,75,0.5,150,75,0.5,400,250,400,250,14.63125249,4160.373,2616.58332,679.89,863.89968
10,100,1000,100,0.5,150,100,0.5,150,100,0.5,400,250,400,250,11.42663279,4340.455,2535.43022,862.55,942.47478
10,100,1000,100,0.5,150,125,0.5,150,125,0.5,400,250,400,250,9.915485457,4418.501,2599.49177,1018.89,800.11923
10,100,1000,100,0.5,175,25,0.5,175,25,0.5,400,250,400,250,24.93120484,3629.325,3244.53017,437.52,-52.72517
10,100,1000,100,0.5,175,50,0.5,175,50,0.5,400,250,400,250,24.18101965,3672.17,3096.7299,409.57,165.8701
10,100,1000,100,0.5,175,75,0.5,175,75,0.5,400,250,400,250,17.02599044,4055.053,2695.8863,550.22,808.9467
10,100,1000,100,0.5,175,100,0.5,175,100,0.5,400,250,400,250,12.46950496,4289.988,2693.24145,708.24,888.50655
10,100,1000,100,0.5,175,125,0.5,175,125,0.5,400,250,400,250,11.48385749,4355.69,2712.35785,827.13,816.20215
10,100,1000,100,0.5,175,150,0.5,175,150,0.5,400,250,400,250,9.92427233,4427.158,2790.0526,966.65,670.4554
10,100,1000,100,0.5,200,25,0.5,200,25,0.5,400,250,400,250,19.69343593,3909.094,3424.96694,407.91,76.21706
10,100,1000,100,0.5,200,50,0.5,200,50,0.5,400,250,400,250,21.09254774,3849.42,3141.74869,457.6,250.07131
10,100,1000,100,0.5,200,75,0.5,200,75,0.5,400,250,400,250,20.59089084,3881.65,3127.14548,435.7,318.80452
10,100,1000,100,0.5,200,100,0.5,200,100,0.5,400,250,400,250,15.38186633,4153.339,2780.88657,563.85,808.60243
10,100,1000,100,0.5,200,125,0.5,200,125,0.5,400,250,400,250,10.79694353,4390.281,2863.40474,702.39,824.48626
10,100,1000,100,0.5,200,150,0.5,200,150,0.5,400,250,400,250,10.7372528,4392.054,2891.19319,796.47,704.39081
10,100,1000,100,0.5,200,175,0.5,200,175,0.5,400,250,400,250,9.766280537,4433.649,2980.36311,919.17,534.11589
10,100,1000,100,0.5,225,25,0.5,225,25,0.5,400,250,400,250,28.31573926,3478.788,3996.99293,322.96,-841.16493
10,100,1000,100,0.5,225,50,0.5,225,50,0.5,400,250,400,250,17.26677246,4055.037,3476.27152,415.49,163.27548
10,100,1000,100,0.5,225,75,0.5,225,75,0.5,400,250,400,250,19.86040909,3926.476,3114.4253,467.42,344.6307
10,100,1000,100,0.5,225,100,0.5,225,100,0.5,400,250,400,250,18.29874416,4007.451,3213.85458,453.41,340.18642
10,100,1000,100,0.5,225,125,0.5,225,125,0.5,400,250,400,250,14.4366019,4205.026,2917.44091,578.3,709.28509
10,100,1000,100,0.5,225,150,0.5,225,150,0.5,400,250,400,250,13.03924238,4276.766,3034.93249,663.14,578.69351
10,100,1000,100,0.5,225,175,0.5,225,175,0.5,400,250,400,250,11.25716255,4373.931,3100.73084,767.53,505.67016
10,100,1000,100,0.5,225,200,0.5,225,200,0.5,400,250,400,250,10.66009808,4393.114,3192.79238,871.6,328.72162
10,100,1000,100,0.5,50,25,0.5,50,25,0.5,400,300,400,300,44.17380452,2401.216,3000.9076,792.21,-1391.9016
10,100,1000,100,0.5,75,25,0.5,75,25,0.5,400,300,400,300,34.12445607,3016.717,2939.62091,685.59,-608.49391
10,100,1000,100,0.5,75,50,0.5,75,50,0.5,400,300,400,300,23.78320564,3491.108,2646.39899,1181.69,-336.98099
10,100,1000,100,0.5,100,25,0.5,100,25,0.5,400,300,400,300,28.67922301,3357.337,2877.12382,562.37,-82.15682
10,100,1000,100,0.5,100,50,0.5,100,50,0.5,400,300,400,300,20.89933647,3748.146,2694.96957,798.39,254.78643
10,100,1000,100,0.5,100,75,0.5,100,75,0.5,400,300,400,300,12.88937743,4186.44,2458.93051,1176.04,551.46949
10,100,1000,100,0.5,125,25,0.5,125,25,0.5,400,300,400,300,26.60258603,3498.926,3034.89827,548.59,-84.56227
10,100,1000,100,0.5,125,50,0.5,125,50,0.5,400,300,400,300,19.13383603,3875.899,2713.14801,644.65,518.10099
10,100,1000,100,0.5,125,75,0.5,125,75,0.5,400,300,400,300,12.47828752,4258.877,2520.10199,912.38,826.39501
10,100,1000,100,0.5,125,100,0.5,125,100,0.5,400,300,400,300,9.954472627,4392.572,2502.13666,1109.47,780.96534
10,100,1000,100,0.5,150,25,0.5,150,25,0.5,400,300,400,300,30.41727101,3332.273,3145.7447,465.5,-278.9717
10,100,1000,100,0.5,150,50,0.5,150,50,0.5,400,300,400,300,19.88462634,3874.68,2862.45271,585.07,427.15729
10,100,1000,100,0.5,150,75,0.5,150,75,0.5,400,300,400,300,14.61384758,4161.64,2624.44437,688.03,849.16563
10,100,1000,100,0.5,150,100,0.5,150,100,0.5,400,300,400,300,10.89093434,4374.685,2605.8556,895.81,873.0194
10,100,1000,100,0.5,150,125,0.5,150,125,0.5,400,300,400,300,9.485508761,4442.181,2657.92315,1048.82,735.43785
10,100,1000,100,0.5,175,25,0.5,175,25,0.5,400,300,400,300,24.84402676,3631.342,3246.53652,437.37,-52.56452
10,100,1000,100,0.5,175,50,0.5,175,50,0.5,400,300,400,300,27.2206524,3517.977,3060.73256,481.04,-23.79556
10,100,1000,100,0.5,175,75,0.5,175,75,0.5,400,300,400,300,17.19905468,4041.052,2809.13566,601.09,630.82634
10,100,1000,100,0.5,175,100,0.5,175,100,0.5,400,300,400,300,12.53933325,4292.327,2698.77065,712.96,880.59635
10,100,1000,100,0.5,175,125,0.5,175,125,0.5,400,300,400,300,10.77357942,4384.026,2785.99899,857.17,740.85701
10,100,1000,100,0.5,175,150,0.5,175,150,0.5,400,300,400,300,9.457059925,4450.943,2857.0341,999.12,594.7889
10,100,1000,100,0.5,200,25,0.5,200,25,0.5,400,300,400,300,19.93389122,3896.577,3419.02697,407.08,70.47003
10,100,1000,100,0.5,200,50,0.5,200,50,0.5,400,300,400,300,21.38585797,3835.046,3136.41591,456.64,241.99009
10,100,1000,100,0.5,200,75,0.5,200,75,0.5,400,300,400,300,25.87375071,3606.598,3045.25869,491.26,70.07931
10,100,1000,100,0.5,200,100,0.5,200,100,0.5,400,300,400,300,15.31179203,4147.704,2889.13811,611.56,647.00589
10,100,1000,100,0.5,200,125,0.5,200,125,0.5,400,300,400,300,10.59390956,4405.998,2890.60998,713.54,801.84802
10,100,1000,100,0.5,200,150,0.5,200,150,0.5,400,300,400,300,10.04123376,4428.564,2983.82531,832.67,612.06869
10,100,1000,100,0.5,200,175,0.5,200,175,0.5,400,300,400,300,9.199824244,4463.966,3045.45855,951.76,466.74745
10,100,1000,100,0.5,225,25,0.5,225,25,0.5,400,300,400,300,28.09391258,3495.642,3992.37592,324.89,-821.62392
10,100,1000,100,0.5,225,50,0.5,225,50,0.5,400,300,400,300,17.06964709,4064.08,3492.93103,416.35,154.79897
10,100,1000,100,0.5,225,75,0.5,225,75,0.5,400,300,400,300,20.235622,3915.175,3114.86265,465.58,334.73235
10,100,1000,100,0.5,225,100,0.5,225,100,0.5,400,300,400,300,25.08528585,3657.789,3108.77419,496.88,52.13481
10,100,1000,100,0.5,225,125,0.5,225,125,0.5,400,300,400,300,14.50810876,4197.365,3029.841,621.48,546.044
10,100,1000,100,0.5,225,150,0.5,225,150,0.5,400,300,400,300,12.88390855,4283.775,3091.99795,677.16,514.61705
10,100,1000,100,0.5,225,175,0.5,225,175,0.5,400,300,400,300,11.30215287,4372.9,3160.14046,787.96,424.79954
10,100,1000,100,0.5,225,200,0.5,225,200,0.5,400,300,400,300,10.0264936,4427.428,3258.94303,906.33,262.15497
10,100,1000,100,0.5,250,25,0.5,250,25,0.5,400,300,400,300,24.38520149,3687.545,4124.9779,306.37,-743.8029
10,100,1000,100,0.5,250,50,0.5,250,50,0.5,400,300,400,300,23.88200161,3719.869,4022.52585,341.77,-644.42685
10,100,1000,100,0.5,250,75,0.5,250,75,0.5,400,300,400,300,14.36373057,4233.104,3517.36087,432.42,283.32313
10,100,1000,100,0.5,250,100,0.5,250,100,0.5,400,300,400,300,18.90219295,3988.087,3181.26701,474.65,332.16999
10,100,1000,100,0.5,250,125,0.5,250,125,0.5,400,300,400,300,24.46820497,3686.343,3207.81219,498.87,-20.33919
10,100,1000,100,0.5,250,150,0.5,250,150,0.5,400,300,400,300,12.19190521,4334.546,3201.16812,619.28,514.09788
10,100,1000,100,0.5,250,175,0.5,250,175,0.5,400,300,400,300,13.16221913,4266.718,3236.90097,650.63,379.18703
10,100,1000,100,0.5,250,200,0.5,250,200,0.5,400,300,400,300,10.94143703,4383.27,3362.24061,762.01,259.01939
10,100,1000,100,0.5,250,225,0.5,250,225,0.5,400,300,400,300,10.3915101,4414.69,3443.49752,861.3,109.89248
10,100,1000,100,0.5,275,25,0.5,275,25,0.5,400,300,400,300,21.3269647,3847.346,4264.8387,289.43,-706.9227
10,100,1000,100,0.5,275,50,0.5,275,50,0.5,400,300,400,300,20.56211405,3904.466,4158.96333,321.23,-575.72733
10,100,1000,100,0.5,275,75,0.5,275,75,0.5,400,300,400,300,21.48346083,3855.8,4088.41221,353.61,-586.22221
10,100,1000,100,0.5,275,100,0.5,275,100,0.5,400,300,400,300,12.6029047,4325.777,3666.08756,439.86,219.82944
10,100,1000,100,0.5,275,125,0.5,275,125,0.5,400,300,400,300,18.44089684,4013.461,3294.33443,477.62,241.50657
10,100,1000,100,0.5,275,150,0.5,275,150,0.5,400,300,400,300,24.59513857,3686.443,3320.15376,505.44,-139.15076
10,100,1000,100,0.5,275,175,0.5,275,175,0.5,400,300,400,300,11.66801294,4355.094,3444.79573,607.97,302.32827
10,100,1000,100,0.5,275,200,0.5,275,200,0.5,400,300,400,300,12.0296921,4339.232,3432.59194,641.1,265.54006
10,100,1000,100,0.5,275,225,0.5,275,225,0.5,400,300,400,300,11.29231471,4372.573,3583.34185,733.36,55.87115
10,100,1000,100,0.5,275,250,0.5,275,250,0.5,400,300,400,300,10.34222777,4422.142,3664.01894,831.52,-73.39694
10,100,1000,100,0.5,50,25,0.5,50,25,0.5,400,350,400,350,44.13753526,2403.476,3091.25484,850.25,-1538.02884
10,100,1000,100,0.5,75,25,0.5,75,25,0.5,400,350,400,350,34.09564759,3020.547,2950.39646,742.61,-672.45946
10,100,1000,100,0.5,75,50,0.5,75,50,0.5,400,350,400,350,23.74074729,3492.131,2665.09455,1209.9,-382.86355
10,100,1000,100,0.5,100,25,0.5,100,25,0.5,400,350,400,350,28.91703376,3339.945,2965.54746,631.2,-256.80246
10,100,1000,100,0.5,100,50,0.5,100,50,0.5,400,350,400,350,21.28789368,3724.019,2689.78972,830.38,203.84928
10,100,1000,100,0.5,100,75,0.5,100,75,0.5,400,350,400,350,13.04990918,4169.351,2475.32866,1192.36,501.66234
10,100,1000,100,0.5,125,25,0.5,125,25,0.5,400,350,400,350,26.63078928,3500.596,3034.87568,548.77,-83.04968
10,100,1000,100,0.5,125,50,0.5,125,50,0.5,400,350,400,350,19.84779291,3848.417,2746.40536,685.22,416.79164
10,100,1000,100,0.5,125,75,0.5,125,75,0.5,400,350,400,350,13.23710366,4229.4,2516.45511,929.18,783.76489
10,100,1000,100,0.5,125,100,0.5,125,100,0.5,400,350,400,350,10.30770718,4373.484,2517.78569,1120.94,734.75831
10,100,1000,100,0.5,150,25,0.5,150,25,0.5,400,350,400,350,30.2880617,3347.357,3142.19977,467.61,-262.45277
10,100,1000,100,0.5,150,50,0.5,150,50,0.5,400,350,400,350,19.97661584,3869.423,2866.43943,582.92,420.06357
10,100,1000,100,0.5,150,75,0.5,150,75,0.5,400,350,400,350,15.36690294,4124.28,2664.65405,715.54,744.08595
10,100,1000,100,0.5,150,100,0.5,150,100,0.5,400,350,400,350,11.10189375,4341.686,2636.22436,910.97,794.49164
10,100,1000,100,0.5,150,125,0.5,150,125,0.5,400,350,400,350,9.720343972,4431.24,2680.43389,1063.29,687.51611
10,100,1000,100,0.5,175,25,0.5,175,25,0.5,400,350,400,350,24.71236971,3637.361,3247.08261,438.44,-48.16161
10,100,1000,100,0.5,175,50,0.5,175,50,0.5,400,350,400,350,27.0078634,3525.769,3061.07055,482.3,-17.60155
10,100,1000,100,0.5,175,75,0.5,175,75,0.5,400,350,400,350,17.28609042,4035.066,2811.35811,600.31,623.39789
10,100,1000,100,0.5,175,100,0.5,175,100,0.5,400,350,400,350,12.79209264,4271.154,2753.04553,739.3,778.80847
10,100,1000,100,0.5,175,125,0.5,175,125,0.5,400,350,400,350,10.72817365,4389.658,2809.81836,878.18,701.65964
10,100,1000,100,0.5,175,150,0.5,175,150,0.5,400,350,400,350,9.377004717,4453.453,2881.7394,1016.86,554.8536
10,100,1000,100,0.5,200,25,0.5,200,25,0.5,400,350,400,350,19.62468978,3901.569,3419.75799,407.8,74.01101
10,100,1000,100,0.5,200,50,0.5,200,50,0.5,400,350,400,350,21.29732114,3833.561,3138.96257,456.35,238.24843
10,100,1000,100,0.5,200,75,0.5,200,75,0.5,400,350,400,350,25.95590075,3593.954,3054.65329,489.92,49.38071
10,100,1000,100,0.5,200,100,0.5,200,100,0.5,400,350,400,350,15.32406994,4146.9,2893.88192,611.31,641.70808
10,100,1000,100,0.5,200,125,0.5,200,125,0.5,400,350,400,350,11.06569641,4380.666,2937.6063,734.52,708.5397
10,100,1000,100,0.5,200,150,0.5,200,150,0.5,400,350,400,350,10.25521241,4416.441,2992.92051,846.67,576.85049
10,100,1000,100,0.5,200,175,0.5,200,175,0.5,400,350,400,350,9.506836789,4456.097,3058.41481,961.87,435.81219
10,100,1000,100,0.5,225,25,0.5,225,25,0.5,400,350,400,350,28.15592291,3489.056,3996.90484,323.91,-831.75884
10,100,1000,100,0.5,225,50,0.5,225,50,0.5,400,350,400,350,17.12482221,4055.905,3485.52067,416.08,154.30433
10,100,1000,100,0.5,225,75,0.5,225,75,0.5,400,350,400,350,20.17616743,3914.361,3115.49192,465.75,333.11908
10,100,1000,100,0.5,225,100,0.5,225,100,0.5,400,350,400,350,25.21862882,3651.189,3113.45777,495.91,41.82123
10,100,1000,100,0.5,225,125,0.5,225,125,0.5,400,350,400,350,14.55238748,4191.593,3036.08875,620.63,534.87425
10,100,1000,100,0.5,225,150,0.5,225,150,0.5,400,350,400,350,13.08609687,4277.465,3123.27842,697.56,456.62658
10,100,1000,100,0.5,225,175,0.5,225,175,0.5,400,350,400,350,11.31395709,4374.132,3188.41921,806.37,379.34279
10,100,1000,100,0.5,225,200,0.5,225,200,0.5,400,350,400,350,10.39723186,4416.653,3260.93979,912.36,243.35321
10,100,1000,100,0.5,250,25,0.5,250,25,0.5,400,350,400,350,24.69026511,3677.583,4122.8652,305.69,-750.9722
10,100,1000,100,0.5,250,50,0.5,250,50,0.5,400,350,400,350,24.09688107,3717.194,4021.98957,341.48,-646.27557
10,100,1000,100,0.5,250,75,0.5,250,75,0.5,400,350,400,350,14.01860944,4238.484,3529.70798,432.62,276.15602
10,100,1000,100,0.5,250,100,0.5,250,100,0.5,400,350,400,350,18.69195938,3989.507,3190.37991,474.91,324.21709
10,100,1000,100,0.5,250,125,0.5,250,125,0.5,400,350,400,350,24.55634988,3680.415,3208.41111,498.13,-26.12611
10,100,1000,100,0.5,250,150,0.5,250,150,0.5,400,350,400,350,12.10249132,4328.693,3211.80454,619.42,497.46846
10,100,1000,100,0.5,250,175,0.5,250,175,0.5,400,350,400,350,13.60517519,4252.963,3266.63445,667.93,318.39855
10,100,1000,100,0.5,250,200,0.5,250,200,0.5,400,350,400,350,11.07341972,4383.193,3390.55841,779.84,212.79459
10,100,1000,100,0.5,250,225,0.5,250,225,0.5,400,350,400,350,10.83058548,4390.438,3446.51005,863.51,80.41795
10,100,1000,100,0.5,275,25,0.5,275,25,0.5,400,350,400,350,21.43417988,3846.765,4262.49953,289.28,-705.01453
10,100,1000,100,0.5,275,50,0.5,275,50,0.5,400,350,400,350,20.49977411,3900.113,4163.2669,320.85,-584.0039
10,100,1000,100,0.5,275,75,0.5,275,75,0.5,400,350,400,350,21.21788225,3871.553,4088.54125,354.95,-571.93825
10,100,1000,100,0.5,275,100,0.5,275,100,0.5,400,350,400,350,12.47223074,4325.611,3671.00305,440.13,214.47795
10,100,1000,100,0.5,275,125,0.5,275,125,0.5,400,350,400,350,17.87255268,4034.038,3305.18636,480.25,248.60164
10,100,1000,100,0.5,275,150,0.5,275,150,0.5,400,350,400,350,24.77800639,3668.34,3328.25195,503.19,-163.10195
10,100,1000,100,0.5,275,175,0.5,275,175,0.5,400,350,400,350,12.26807782,4329.892,3446.49497,602.62,280.77703
10,100,1000,100,0.5,275,200,0.5,275,200,0.5,400,350,400,350,11.93042625,4348.987,3458.00708,661.51,229.46992
10,100,1000,100,0.5,275,225,0.5,275,225,0.5,400,350,400,350,11.3005806,4376.78,3588.06945,750.39,38.32055
10,100,1000,100,0.5,275,250,0.5,275,250,0.5,400,350,400,350,11.07534828,4400.088,3629.01139,825.1,-54.02339
10,100,1000,100,0.5,300,25,0.5,300,25,0.5,400,350,400,350,18.50650606,3996.386,4416.82607,274.42,-694.86007
10,100,1000,100,0.5,300,50,0.5,300,50,0.5,400,350,400,350,17.23080676,4069.55,4315.81099,303.27,-549.53099
10,100,1000,100,0.5,300,75,0.5,300,75,0.5,400,350,400,350,17.10817368,4079.705,4247.15031,335.67,-503.11531
10,100,1000,100,0.5,300,100,0.5,300,100,0.5,400,350,400,350,19.56582171,3957.018,4200.36735,362.89,-606.23935
10,100,1000,100,0.5,300,125,0.5,300,125,0.5,400,350,400,350,11.21655527,4394.549,3849.96952,446.79,97.78948
10,100,1000,100,0.5,300,150,0.5,300,150,0.5,400,350,400,350,17.573639,4062.077,3416.44668,481.42,164.21032
10,100,1000,100,0.5,300,175,0.5,300,175,0.5,400,350,400,350,23.48045577,3745.646,3377.50249,498.62,-130.47649
10,100,1000,100,0.5,300,200,0.5,300,200,0.5,400,350,400,350,14.06063421,4245.619,3706.27762,578.89,-39.54862
10,100,1000,100,0.5,300,225,0.5,300,225,0.5,400,350,400,350,11.61920771,4366.304,3724.97082,646.56,-5.22682
10,100,1000,100,0.5,300,250,0.5,300,250,0.5,400,350,400,350,11.03031282,4394.45,3816.79705,729.5,-151.84705
10,100,1000,100,0.5,300,275,0.5,300,275,0.5,400,350,400,350,10.7320959,4399.9,3901.84691,809.46,-311.40691
10,100,1000,100,0.5,325,25,0.5,325,25,0.5,400,350,400,350,16.18334702,4126.265,4569.13614,260.86,-703.73114
10,100,1000,100,0.5,325,50,0.5,325,50,0.5,400,350,400,350,14.5552602,4206.068,4475.90166,286.58,-556.41366
10,100,1000,100,0.5,325,75,0.5,325,75,0.5,400,350,400,350,13.96970684,4254.421,4406.64645,317.11,-469.33545
10,100,1000,100,0.5,325,100,0.5,325,100,0.5,400,350,400,350,15.15244194,4196.476,4384.1334,345,-532.6574
10,100,1000,100,0.5,325,125,0.5,325,125,0.5,400,350,400,350,17.95830173,4054.243,4329.42998,371.56,-646.74698
10,100,1000,100,0.5,325,150,0.5,325,150,0.5,400,350,400,350,10.30668763,4453.278,4040.2006,452.05,-38.9726
10,100,1000,100,0.5,325,175,0.5,325,175,0.5,400,350,400,350,17.09081258,4085.7,3546.17016,487.75,51.77984
10,100,1000,100,0.5,325,200,0.5,325,200,0.5,400,350,400,350,20.4847253,3893.202,3520.01931,495.14,-121.95731
10,100,1000,100,0.5,325,225,0.5,325,225,0.5,400,350,400,350,13.02030558,4297.418,3905.28667,569.2,-177.06867
10,100,1000,100,0.5,325,250,0.5,325,250,0.5,400,350,400,350,11.85238999,4355.901,4018.39448,629.83,-292.32348
10,100,1000,100,0.5,325,275,0.5,325,275,0.5,400,350,400,350,10.61577244,4416.557,4051.10999,712.41,-346.96299
10,100,1000,100,0.5,325,300,0.5,325,300,0.5,400,350,400,350,10.4733465,4426.349,4117.20495,779.81,-470.66595
10,100,1000,100,0.5,50,25,0.5,50,25,0.5,450,100,450,100,46.66486038,2285.552,2429.66826,657.11,-801.22626
10,100,1000,100,0.5,75,25,0.5,75,25,0.5,450,100,450,100,40.41802105,2708.808,2483.26915,506.72,-281.18115
10,100,1000,100,0.5,75,50,0.5,75,50,0.5,450,100,450,100,31.84796282,3072.344,2334.47883,942.28,-204.41483
10,100,1000,100,0.5,50,25,0.5,50,25,0.5,450,150,450,150,44.79074093,2376.231,2590.12679,678.09,-891.98579
10,100,1000,100,0.5,75,25,0.5,75,25,0.5,450,150,450,150,36.48651472,2904.471,2657.94739,559.22,-312.69639
10,100,1000,100,0.5,75,50,0.5,75,50,0.5,450,150,450,150,27.0861652,3319.793,2427.79386,1011.42,-119.42086
10,100,1000,100,0.5,100,25,0.5,100,25,0.5,450,150,450,150,33.58123914,3110.214,2731.24278,447.92,-68.94878
10,100,1000,100,0.5,100,50,0.5,100,50,0.5,450,150,450,150,25.58473122,3503.593,2601.8741,659.19,242.5289
10,100,1000,100,0.5,100,75,0.5,100,75,0.5,450,150,450,150,18.26983133,3885.091,2461.4025,1006.83,416.8585
10,100,1000,100,0.5,125,25,0.5,125,25,0.5,450,150,450,150,30.98752701,3284.797,2999.59074,388.02,-102.81374
10,100,1000,100,0.5,125,50,0.5,125,50,0.5,450,150,450,150,25.48583995,3555.835,2727.03502,503.75,325.04998
10,100,1000,100,0.5,125,75,0.5,125,75,0.5,450,150,450,150,16.09363808,4063.459,2600.40782,790.83,672.22118
10,100,1000,100,0.5,125,100,0.5,125,100,0.5,450,150,450,150,13.59760034,4188.393,2590.3477,976.45,621.5953
10,100,1000,100,0.5,50,25,0.5,50,25,0.5,450,200,450,200,44.34084515,2402.788,2797.19431,691.66,-1086.06631
10,100,1000,100,0.5,75,25,0.5,75,25,0.5,450,200,450,200,34.75212432,2982.08,2835.9347,578.11,-431.9647
10,100,1000,100,0.5,75,50,0.5,75,50,0.5,450,200,450,200,24.40458722,3456.571,2575.7315,1054.55,-173.7105
10,100,1000,100,0.5,100,25,0.5,100,25,0.5,450,200,450,200,29.56101074,3313.612,3000.75494,501.33,-188.47294
10,100,1000,100,0.5,100,50,0.5,100,50,0.5,450,200,450,200,22.11529067,3679.479,2745.12858,695.94,238.41042
10,100,1000,100,0.5,100,75,0.5,100,75,0.5,450,200,450,200,13.71338229,4137.576,2555.19554,1073.57,508.81046
10,100,1000,100,0.5,125,25,0.5,125,25,0.5,450,200,450,200,31.04984605,3276.365,2998.67545,387.31,-109.62045
10,100,1000,100,0.5,125,50,0.5,125,50,0.5,450,200,450,200,19.82337832,3848.529,2902.55171,577.46,368.51729
10,100,1000,100,0.5,125,75,0.5,125,75,0.5,450,200,450,200,12.04698896,4283.181,2688.4485,838.88,755.8525
10,100,1000,100,0.5,125,100,0.5,125,100,0.5,450,200,450,200,9.370753961,4437.533,2674.21704,1046.35,716.96596
10,100,1000,100,0.5,150,25,0.5,150,25,0.5,450,200,450,200,21.76667011,3765.79,3346.30176,412.37,7.11824
10,100,1000,100,0.5,150,50,0.5,150,50,0.5,450,200,450,200,23.15206472,3701.738,3027.12845,438.52,236.08955
10,100,1000,100,0.5,150,75,0.5,150,75,0.5,450,200,450,200,13.20894399,4230.752,2903.4781,639.35,687.9239
10,100,1000,100,0.5,150,100,0.5,150,100,0.5,450,200,450,200,8.318258433,4520.596,2830.65633,856.54,833.39967
10,100,1000,100,0.5,150,125,0.5,150,125,0.5,450,200,450,200,7.23284648,4573.45,2880.2471,1018.06,675.1429
10,100,1000,100,0.5,175,25,0.5,175,25,0.5,450,200,450,200,25.29930408,3607.743,3584.89022,328.43,-305.57722
10,100,1000,100,0.5,175,50,0.5,175,50,0.5,450,200,450,200,15.29592523,4127.17,3292.43689,451.01,383.72311
10,100,1000,100,0.5,175,75,0.5,175,75,0.5,450,200,450,200,17.59425151,4026.476,3082.77668,479.81,463.88932
10,100,1000,100,0.5,175,100,0.5,175,100,0.5,450,200,450,200,9.660787194,4457.127,3036.06647,679.98,741.08053
10,100,1000,100,0.5,175,125,0.5,175,125,0.5,450,200,450,200,7.248099872,4581.27,3042.22285,833.95,705.09715
10,100,1000,100,0.5,175,150,0.5,175,150,0.5,450,200,450,200,6.265719155,4635.108,3104.10972,986.81,544.18828
10,100,1000,100,0.5,50,25,0.5,50,25,0.5,450,250,450,250,44.23165333,2404.469,3045.2706,710.81,-1351.6116
10,100,1000,100,0.5,75,25,0.5,75,25,0.5,450,250,450,250,34.24139686,3016.755,3013.81884,597.06,-594.12384
10,100,1000,100,0.5,75,50,0.5,75,50,0.5,450,250,450,250,23.73761224,3496.186,2791.24741,1089.19,-384.25141
10,100,1000,100,0.5,100,25,0.5,100,25,0.5,450,250,450,250,29.14089188,3330.812,3042.73276,506.78,-218.70076
10,100,1000,100,0.5,100,50,0.5,100,50,0.5,450,250,450,250,20.50717047,3772.367,2899.23917,725.47,147.65783
10,100,1000,100,0.5,100,75,0.5,100,75,0.5,450,250,450,250,11.4921069,4268.681,2711.2863,1125.92,431.4747
10,100,1000,100,0.5,125,25,0.5,125,25,0.5,450,250,450,250,25.77968411,3535.873,3353.09417,471.81,-289.03117
10,100,1000,100,0.5,125,50,0.5,125,50,0.5,450,250,450,250,18.77342965,3902.799,2980.6281,590.98,331.1909
10,100,1000,100,0.5,125,75,0.5,125,75,0.5,450,250,450,250,9.617354395,4411.077,2806.18501,872,732.89199
10,100,1000,100,0.5,125,100,0.5,125,100,0.5,450,250,450,250,6.415557439,4596.158,2809.33597,1105.73,681.09203
10,100,1000,100,0.5,150,25,0.5,150,25,0.5,450,250,450,250,21.81434068,3767.68,3342.78925,413.06,11.83075
10,100,1000,100,0.5,150,50,0.5,150,50,0.5,450,250,450,250,17.88565847,3969.155,3234.44889,524.11,210.59611
10,100,1000,100,0.5,150,75,0.5,150,75,0.5,450,250,450,250,12.46386018,4278.203,2955.03099,652.68,670.49201
10,100,1000,100,0.5,150,100,0.5,150,100,0.5,450,250,450,250,6.102260564,4637.821,2944.06598,892.2,801.55502
10,100,1000,100,0.5,150,125,0.5,150,125,0.5,450,250,450,250,4.83408339,4708.985,3008.32716,1076.67,623.98784
10,100,1000,100,0.5,175,25,0.5,175,25,0.5,450,250,450,250,25.49285356,3606.086,3570.16055,327.98,-292.05455
10,100,1000,100,0.5,175,50,0.5,175,50,0.5,450,250,450,250,15.29511283,4124.262,3290.69639,450.77,382.79561
10,100,1000,100,0.5,175,75,0.5,175,75,0.5,450,250,450,250,13.26619335,4249.368,3218.17397,563.59,467.60403
10,100,1000,100,0.5,175,100,0.5,175,100,0.5,450,250,450,250,8.799905781,4494.285,3089.9225,690.1,714.2625
10,100,1000,100,0.5,175,125,0.5,175,125,0.5,450,250,450,250,5.183732465,4695.173,3168.42341,874.86,651.88959
10,100,1000,100,0.5,175,150,0.5,175,150,0.5,450,250,450,250,4.245995208,4756.884,3249.17067,1049.57,458.14333
10,100,1000,100,0.5,200,25,0.5,200,25,0.5,450,250,450,250,21.87856783,3796.122,3563.90558,299.6,-67.38358
10,100,1000,100,0.5,200,50,0.5,200,50,0.5,450,250,450,250,19.05735402,3945.779,3605.00329,353.83,-13.05429
10,100,1000,100,0.5,200,75,0.5,200,75,0.5,450,250,450,250,10.90454335,4389.483,3317.80758,482.45,589.22542
10,100,1000,100,0.5,200,100,0.5,200,100,0.5,450,250,450,250,11.41674523,4360.799,3323.93058,580.52,456.34842
10,100,1000,100,0.5,200,125,0.5,200,125,0.5,450,250,450,250,8.159922545,4537.056,3277.75355,687.02,572.28245
10,100,1000,100,0.5,200,150,0.5,200,150,0.5,450,250,450,250,4.724033685,4719.876,3418.99129,856.48,444.40471
10,100,1000,100,0.5,200,175,0.5,200,175,0.5,450,250,450,250,3.977963733,4771.152,3517.89263,1025.57,227.68937
10,100,1000,100,0.5,225,25,0.5,225,25,0.5,450,250,450,250,16.20126883,4093.306,4121.89473,377.57,-406.15873
10,100,1000,100,0.5,225,50,0.5,225,50,0.5,450,250,450,250,15.11519027,4160.462,3683.88525,335.88,140.69675
10,100,1000,100,0.5,225,75,0.5,225,75,0.5,450,250,450,250,14.41266444,4207.302,3695.22143,377.44,134.64057
10,100,1000,100,0.5,225,100,0.5,225,100,0.5,450,250,450,250,8.260547656,4543.709,3468.25973,501.17,574.27927
10,100,1000,100,0.5,225,125,0.5,225,125,0.5,450,250,450,250,9.106012937,4494.542,3525.94924,599.51,369.08276
10,100,1000,100,0.5,225,150,0.5,225,150,0.5,450,250,450,250,6.071702066,4663.603,3507.1678,688.92,467.5152
10,100,1000,100,0.5,225,175,0.5,225,175,0.5,450,250,450,250,4.264784352,4757.214,3672.01347,844.46,240.74053
10,100,1000,100,0.5,225,200,0.5,225,200,0.5,450,250,450,250,3.848440648,4782.009,3773.04367,997.16,11.80533
10,100,1000,100,0.5,50,25,0.5,50,25,0.5,450,300,450,300,44.26132189,2404.506,3289.22223,741.99,-1626.70623
10,100,1000,100,0.5,75,25,0.5,75,25,0.5,450,300,450,300,33.99130654,3022.99,3238.20447,626.55,-841.76447
10,100,1000,100,0.5,75,50,0.5,75,50,0.5,450,300,450,300,23.58684646,3496.758,3000.92213,1126.85,-631.01413
10,100,1000,100,0.5,100,25,0.5,100,25,0.5,450,300,450,300,27.97121819,3387.993,3392.66178,563.51,-568.17878
10,100,1000,100,0.5,100,50,0.5,100,50,0.5,450,300,450,300,19.51734327,3812.169,3080.59514,761.2,-29.62614
10,100,1000,100,0.5,100,75,0.5,100,75,0.5,450,300,450,300,10.76457343,4310.597,2880.26522,1175.4,254.93178
10,100,1000,100,0.5,125,25,0.5,125,25,0.5,450,300,450,300,25.64004165,3545.548,3346.91574,473.55,-274.91774
10,100,1000,100,0.5,125,50,0.5,125,50,0.5,450,300,450,300,16.56132909,4017.778,3207.45634,649.81,160.51166
10,100,1000,100,0.5,125,75,0.5,125,75,0.5,450,300,450,300,8.193444868,4489.79,2953.14363,915.96,620.68637
10,100,1000,100,0.5,125,100,0.5,125,100,0.5,450,300,450,300,5.421351416,4656.742,2943.67143,1155.16,557.91057
10,100,1000,100,0.5,150,25,0.5,150,25,0.5,450,300,450,300,21.8035747,3768.529,3331.80157,413.25,23.47743
10,100,1000,100,0.5,150,50,0.5,150,50,0.5,450,300,450,300,17.93423062,3967.909,3227.83687,524.89,215.18213
10,100,1000,100,0.5,150,75,0.5,150,75,0.5,450,300,450,300,9.920839979,4421.356,3128.99946,710.48,581.87654
10,100,1000,100,0.5,150,100,0.5,150,100,0.5,450,300,450,300,5.058105203,4703.104,3063.94321,927.02,712.14079
10,100,1000,100,0.5,150,125,0.5,150,125,0.5,450,300,450,300,3.703995772,4773.387,3143.92758,1129.33,500.12942
10,100,1000,100,0.5,175,25,0.5,175,25,0.5,450,300,450,300,24.77254276,3640.041,3748.62376,438.77,-547.35276
10,100,1000,100,0.5,175,50,0.5,175,50,0.5,450,300,450,300,15.09391604,4138.171,3334.59786,463.38,340.19314
10,100,1000,100,0.5,175,75,0.5,175,75,0.5,450,300,450,300,13.21135046,4256.277,3211.15551,565.68,479.44149
10,100,1000,100,0.5,175,100,0.5,175,100,0.5,450,300,450,300,6.86394822,4612.715,3243.35817,742.73,626.62683
10,100,1000,100,0.5,175,125,0.5,175,125,0.5,450,300,450,300,4.345898405,4753.043,3302.10843,914.06,536.87457
10,100,1000,100,0.5,175,150,0.5,175,150,0.5,450,300,450,300,3.182226242,4811.537,3400.99769,1106.87,303.66931
10,100,1000,100,0.5,200,25,0.5,200,25,0.5,450,300,450,300,19.6184576,3907.63,3926.63672,408.17,-427.17672
10,100,1000,100,0.5,200,50,0.5,200,50,0.5,450,300,450,300,21.29091162,3836.584,3636.30298,457.27,-256.98898
10,100,1000,100,0.5,200,75,0.5,200,75,0.5,450,300,450,300,10.2196001,4418.256,3353.2342,497.33,567.6918
10,100,1000,100,0.5,200,100,0.5,200,100,0.5,450,300,450,300,11.34977236,4372.197,3325.197,581.58,465.42
10,100,1000,100,0.5,200,125,0.5,200,125,0.5,450,300,450,300,6.477553917,4632.268,3438.07569,734.2,459.99231
10,100,1000,100,0.5,200,150,0.5,200,150,0.5,450,300,450,300,4.012570017,4770.802,3564.21159,898.12,308.47041
10,100,1000,100,0.5,200,175,0.5,200,175,0.5,450,300,450,300,3.206236136,4810.141,3671.12323,1079.38,59.63777
10,100,1000,100,0.5,225,25,0.5,225,25,0.5,450,300,450,300,16.13177054,4096.237,4127.71607,377.41,-408.88907
10,100,1000,100,0.5,225,50,0.5,225,50,0.5,450,300,450,300,14.7506549,4182.042,3830.25614,431.87,-80.08414
10,100,1000,100,0.5,225,75,0.5,225,75,0.5,450,300,450,300,19.80294556,3937.465,3608.76917,468.51,-139.81417
10,100,1000,100,0.5,225,100,0.5,225,100,0.5,450,300,450,300,7.667375817,4566.879,3506.02278,514.85,546.00622
10,100,1000,100,0.5,225,125,0.5,225,125,0.5,450,300,450,300,9.36851782,4476.011,3519.53754,597.59,358.88346
10,100,1000,100,0.5,225,150,0.5,225,150,0.5,450,300,450,300,4.966310426,4713.661,3694.2854,730.77,288.6056
10,100,1000,100,0.5,225,175,0.5,225,175,0.5,450,300,450,300,3.32629549,4811.983,3839.5778,889.52,82.8852
10,100,1000,100,0.5,225,200,0.5,225,200,0.5,450,300,450,300,2.979438328,4823.745,3945.53704,1060.17,-181.96204
10,100,1000,100,0.5,250,25,0.5,250,25,0.5,450,300,450,300,24.67710231,3675.618,4620.35937,305.44,-1250.18137
10,100,1000,100,0.5,250,50,0.5,250,50,0.5,450,300,450,300,13.10030696,4284.702,4174.48773,389.4,-279.18573
10,100,1000,100,0.5,250,75,0.5,250,75,0.5,450,300,450,300,12.20531417,4326.882,3823.04299,447.02,56.81901
10,100,1000,100,0.5,250,100,0.5,250,100,0.5,450,300,450,300,19.11155853,3976.162,3680.4858,473.07,-177.3938
10,100,1000,100,0.5,250,125,0.5,250,125,0.5,450,300,450,300,6.710720103,4629.274,3708.6103,522.14,398.5237
10,100,1000,100,0.5,250,150,0.5,250,150,0.5,450,300,450,300,9.710445292,4460.767,3654.41398,589.56,216.79302
10,100,1000,100,0.5,250,175,0.5,250,175,0.5,450,300,450,300,4.902321657,4728.18,3944.55889,719.87,63.75111
10,100,1000,100,0.5,250,200,0.5,250,200,0.5,450,300,450,300,3.708967335,4783.355,4106.24272,868.47,-191.35772
10,100,1000,100,0.5,250,225,0.5,250,225,0.5,450,300,450,300,3.020535806,4830.427,4214.69582,1038.8,-423.06882
10,100,1000,100,0.5,275,25,0.5,275,25,0.5,450,300,450,300,21.14695253,3858.734,4765.01027,290.22,-1196.49627
10,100,1000,100,0.5,275,50,0.5,275,50,0.5,450,300,450,300,20.46958869,3900.994,4664.1799,320.96,-1084.1459
10,100,1000,100,0.5,275,75,0.5,275,75,0.5,450,300,450,300,9.755727549,4465.921,4232.64947,404.75,-171.47847
10,100,1000,100,0.5,275,100,0.5,275,100,0.5,450,300,450,300,10.86732993,4409.977,3938.54744,455.3,16.12956
10,100,1000,100,0.5,275,125,0.5,275,125,0.5,450,300,450,300,18.11236068,4024.184,3796.90431,478.53,-251.25031
10,100,1000,100,0.5,275,150,0.5,275,150,0.5,450,300,450,300,5.429544156,4697.919,3945.32546,530.53,222.06354
10,100,1000,100,0.5,275,175,0.5,275,175,0.5,450,300,450,300,7.598386518,4572.093,3886.98447,590.38,94.72853
10,100,1000,100,0.5,275,200,0.5,275,200,0.5,450,300,450,300,5.289582483,4713.88,4168.265,704.24,-158.625
10,100,1000,100,0.5,275,225,0.5,275,225,0.5,450,300,450,300,3.794717254,4784.545,4364.7002,852.44,-432.5952
10,100,1000,100,0.5,275,250,0.5,275,250,0.5,450,300,450,300,2.928036312,4840.201,4518.75078,1029.05,-707.59978
10,100,1000,100,0.5,50,25,0.5,50,25,0.5,450,350,450,350,44.22241455,2403.851,3499.66825,792.16,-1887.97725
10,100,1000,100,0.5,75,25,0.5,75,25,0.5,450,350,450,350,34.08525855,3023.545,3442.81949,686.82,-1106.09449
10,100,1000,100,0.5,75,50,0.5,75,50,0.5,450,350,450,350,23.6310142,3501.261,3143.95836,1183.79,-826.48736
10,100,1000,100,0.5,100,25,0.5,100,25,0.5,450,350,450,350,28.01891001,3387.608,3390.17568,563.19,-565.75768
10,100,1000,100,0.5,100,50,0.5,100,50,0.5,450,350,450,350,19.41267469,3823.056,3202.61204,810.24,-189.79604
10,100,1000,100,0.5,100,75,0.5,100,75,0.5,450,350,450,350,10.77800878,4308.09,2950.23132,1208.73,149.12868
10,100,1000,100,0.5,125,25,0.5,125,25,0.5,450,350,450,350,25.26855849,3567.824,3556.43695,554.02,-542.63295
10,100,1000,100,0.5,125,50,0.5,125,50,0.5,450,350,450,350,16.79620905,4012.01,3227.40832,659.96,124.64168
10,100,1000,100,0.5,125,75,0.5,125,75,0.5,450,350,450,350,8.328167058,4489.781,3020.4524,949.16,520.1686
10,100,1000,100,0.5,125,100,0.5,125,100,0.5,450,350,450,350,5.565907924,4645.845,2996.13208,1179.52,470.19292
10,100,1000,100,0.5,150,25,0.5,150,25,0.5,450,350,450,350,21.38212756,3790.946,3681.68387,498.66,-389.39787
10,100,1000,100,0.5,150,50,0.5,150,50,0.5,450,350,450,350,17.25533641,4003.401,3378.40186,596.03,28.96914
10,100,1000,100,0.5,150,75,0.5,150,75,0.5,450,350,450,350,9.896796237,4421.938,3144.43557,718.75,558.75243
10,100,1000,100,0.5,150,100,0.5,150,100,0.5,450,350,450,350,5.019088019,4698.809,3134.55412,957.9,606.35488
10,100,1000,100,0.5,150,125,0.5,150,125,0.5,450,350,450,350,3.903825186,4766.848,3192.87592,1151.41,422.56208
10,100,1000,100,0.5,175,25,0.5,175,25,0.5,450,350,450,350,24.86223931,3633.275,3740.36905,438.17,-545.26405
10,100,1000,100,0.5,175,50,0.5,175,50,0.5,450,350,450,350,14.10469303,4193.327,3557.37646,534.88,101.07054
10,100,1000,100,0.5,175,75,0.5,175,75,0.5,450,350,450,350,13.26247155,4254.199,3321.1992,621.46,311.5398
10,100,1000,100,0.5,175,100,0.5,175,100,0.5,450,350,450,350,7.07785869,4602.885,3248.8703,746.72,607.2947
10,100,1000,100,0.5,175,125,0.5,175,125,0.5,450,350,450,350,4.156205687,4763.277,3368.22317,944.16,450.89383
10,100,1000,100,0.5,175,150,0.5,175,150,0.5,450,350,450,350,3.282366813,4807.165,3456.02817,1131.28,219.85683
10,100,1000,100,0.5,200,25,0.5,200,25,0.5,450,350,450,350,19.81319535,3901.467,3921.45357,407.69,-427.67657
10,100,1000,100,0.5,200,50,0.5,200,50,0.5,450,350,450,350,21.43279587,3821.359,3637.81121,454.46,-270.91221
10,100,1000,100,0.5,200,75,0.5,200,75,0.5,450,350,450,350,10.02028346,4439.114,3524.72296,558.52,355.87104
10,100,1000,100,0.5,200,100,0.5,200,100,0.5,450,350,450,350,11.90445512,4344.753,3420.50949,629.41,294.83351
10,100,1000,100,0.5,200,125,0.5,200,125,0.5,450,350,450,350,6.290509222,4637.109,3468.1009,743.57,425.4381
10,100,1000,100,0.5,200,150,0.5,200,150,0.5,450,350,450,350,3.899434083,4779.444,3628.219,926.99,224.235
10,100,1000,100,0.5,200,175,0.5,200,175,0.5,450,350,450,350,3.10215423,4823.105,3727.1391,1107.68,-11.7141
10,100,1000,100,0.5,225,25,0.5,225,25,0.5,450,350,450,350,16.29043508,4089.576,4116.87988,377.2,-404.50388
10,100,1000,100,0.5,225,50,0.5,225,50,0.5,450,350,450,350,14.79098402,4176.144,3838.58339,430.74,-93.17939
10,100,1000,100,0.5,225,75,0.5,225,75,0.5,450,350,450,350,19.98144777,3919.337,3614.51336,466.76,-161.93636
10,100,1000,100,0.5,225,100,0.5,225,100,0.5,450,350,450,350,7.836453894,4560.279,3654.10332,570.34,335.83568
10,100,1000,100,0.5,225,125,0.5,225,125,0.5,450,350,450,350,9.83788182,4457.819,3599.50291,643.77,214.54609
10,100,1000,100,0.5,225,150,0.5,225,150,0.5,450,350,450,350,4.866836062,4715.769,3710.79727,740.35,264.62173
10,100,1000,100,0.5,225,175,0.5,225,175,0.5,450,350,450,350,3.409336291,4803.579,3902.18342,914.34,-12.94442
10,100,1000,100,0.5,225,200,0.5,225,200,0.5,450,350,450,350,2.590948108,4848.683,4017.81659,1096.41,-265.54359
10,100,1000,100,0.5,250,25,0.5,250,25,0.5,450,350,450,350,24.49469885,3684.961,4624.01475,306.33,-1245.38375
10,100,1000,100,0.5,250,50,0.5,250,50,0.5,450,350,450,350,13.19902593,4260.722,4186.09937,387.27,-312.64737
10,100,1000,100,0.5,250,75,0.5,250,75,0.5,450,350,450,350,11.96280025,4348.572,3824.75669,449.26,74.55531
10,100,1000,100,0.5,250,100,0.5,250,100,0.5,450,350,450,350,18.95939459,3981.223,3684.30437,474.24,-177.32137
10,100,1000,100,0.5,250,125,0.5,250,125,0.5,450,350,450,350,6.82433825,4628.584,3869.6711,576.61,182.3029
10,100,1000,100,0.5,250,150,0.5,250,150,0.5,450,350,450,350,9.843845491,4453.814,3779.67984,633.65,40.48416
10,100,1000,100,0.5,250,175,0.5,250,175,0.5,450,350,450,350,5.09279855,4711.271,3979.80155,726.6,4.86945
10,100,1000,100,0.5,250,200,0.5,250,200,0.5,450,350,450,350,3.789613692,4792.638,4164.30555,893.41,-265.07755
10,100,1000,100,0.5,250,225,0.5,250,225,0.5,450,350,450,350,2.731694676,4846.176,4305.45774,1077.47,-536.75174
10,100,1000,100,0.5,275,25,0.5,275,25,0.5,450,350,450,350,21.34347673,3850.403,4763.03097,289.6,-1202.22797
10,100,1000,100,0.5,275,50,0.5,275,50,0.5,450,350,450,350,20.36866095,3907.613,4663.77959,321.44,-1077.60659
10,100,1000,100,0.5,275,75,0.5,275,75,0.5,450,350,450,350,9.784791108,4462.962,4235.65214,404.33,-177.02014
10,100,1000,100,0.5,275,100,0.5,275,100,0.5,450,350,450,350,10.23470224,4443.866,3953.80981,458.89,31.16619
10,100,1000,100,0.5,275,125,0.5,275,125,0.5,450,350,450,350,18.23067125,4017.346,3796.32901,477.91,-256.89301
10,100,1000,100,0.5,275,150,0.5,275,150,0.5,450,350,450,350,5.810338415,4667.295,4092.39682,581.83,-6.93182
10,100,1000,100,0.5,275,175,0.5,275,175,0.5,450,350,450,350,7.17338014,4595.99,4023.13908,636.6,-63.74908
10,100,1000,100,0.5,275,200,0.5,275,200,0.5,450,350,450,350,5.113615558,4720.015,4209.94085,714.99,-204.91585
10,100,1000,100,0.5,275,225,0.5,275,225,0.5,450,350,450,350,3.402260193,4808.843,4456.21655,887.43,-534.80355
10,100,1000,100,0.5,275,250,0.5,275,250,0.5,450,350,450,350,2.731137969,4847.687,4581.84482,1056.67,-790.82782
10,100,1000,100,0.5,300,25,0.5,300,25,0.5,450,350,450,350,18.45400521,3998.362,4913.3396,274.77,-1189.7476
10,100,1000,100,0.5,300,50,0.5,300,50,0.5,450,350,450,350,17.45491515,4061.486,4811.13502,302.95,-1052.59902
10,100,1000,100,0.5,300,75,0.5,300,75,0.5,450,350,450,350,17.10705094,4085.212,4746.93459,335.87,-997.59259
10,100,1000,100,0.5,300,100,0.5,300,100,0.5,450,350,450,350,8.01791076,4572.441,4430.52385,412.76,-270.84285
10,100,1000,100,0.5,300,125,0.5,300,125,0.5,450,350,450,350,9.75411097,4476.577,4121.2872,461.95,-106.6602
10,100,1000,100,0.5,300,150,0.5,300,150,0.5,450,350,450,350,17.18077995,4073.992,3928.24189,482.85,-337.09989
10,100,1000,100,0.5,300,175,0.5,300,175,0.5,450,350,450,350,5.163991476,4715.324,4356.84459,581.1,-222.62059
10,100,1000,100,0.5,300,200,0.5,300,200,0.5,450,350,450,350,6.418427656,4632.412,4263.13433,627.68,-258.40233
10,100,1000,100,0.5,300,225,0.5,300,225,0.5,450,350,450,350,5.024619714,4719.69,4458.90179,703.51,-442.72179
10,100,1000,100,0.5,300,250,0.5,300,250,0.5,450,350,450,350,3.273260313,4806.174,4738.00572,873.33,-805.16172
10,100,1000,100,0.5,300,275,0.5,300,275,0.5,450,350,450,350,2.357379541,4861.669,4898.51767,1051.85,-1088.69867
10,100,1000,100,0.5,325,25,0.5,325,25,0.5,450,350,450,350,16.12996684,4126.51,5070.26807,260.89,-1204.64807
10,100,1000,100,0.5,325,50,0.5,325,50,0.5,450,350,450,350,14.48840255,4203.494,4976.28356,286.58,-1059.36956
10,100,1000,100,0.5,325,75,0.5,325,75,0.5,450,350,450,350,14.20091334,4250.088,4901.25216,316.73,-967.89416
10,100,1000,100,0.5,325,100,0.5,325,100,0.5,450,350,450,350,15.13178722,4202.545,4879.05581,345.3,-1021.81081
10,100,1000,100,0.5,325,125,0.5,325,125,0.5,450,350,450,350,6.763560485,4638.394,4656.76042,418.93,-437.29642
10,100,1000,100,0.5,325,150,0.5,325,150,0.5,450,350,450,350,9.075001239,4517.915,4313.24357,466.09,-261.41857
10,100,1000,100,0.5,325,175,0.5,325,175,0.5,450,350,450,350,17.62784166,4054.641,4041.3307,484.76,-471.4497
10,100,1000,100,0.5,325,200,0.5,325,200,0.5,450,350,450,350,7.168352776,4611.074,4611.97634,562.93,-563.83234
10,100,1000,100,0.5,325,225,0.5,325,225,0.5,450,350,450,350,5.721972419,4679.191,4550.07894,624.45,-495.33794
10,100,1000,100,0.5,325,250,0.5,325,250,0.5,450,350,450,350,4.673927653,4744.527,4744.58059,697.69,-697.74359
10,100,1000,100,0.5,325,275,0.5,325,275,0.5,450,350,450,350,3.181867486,4817.542,5046.00345,869.24,-1097.70145
10,100,1000,100,0.5,325,300,0.5,325,300,0.5,450,350,450,350,2.468460127,4860.876,5174.83354,1034.24,-1348.19754
10,100,1000,100,0.5,50,25,0.5,50,25,0.5,450,400,450,400,44.28392656,2402.671,3593.48789,849.92,-2040.73689
10,100,1000,100,0.5,75,25,0.5,75,25,0.5,450,400,450,400,34.00381763,3021.996,3459.06149,742,-1179.06549
10,100,1000,100,0.5,75,50,0.5,75,50,0.5,450,400,450,400,23.63009339,3498.925,3162.60201,1211.67,-875.34701
10,100,1000,100,0.5,100,25,0.5,100,25,0.5,450,400,450,400,28.05464215,3384.368,3468.9639,636.49,-721.0859
10,100,1000,100,0.5,100,50,0.5,100,50,0.5,450,400,450,400,19.71823163,3813.758,3186.11616,845.65,-218.00816
10,100,1000,100,0.5,100,75,0.5,100,75,0.5,450,400,450,400,10.88521311,4299.748,2959.42822,1225.98,114.33978
10,100,1000,100,0.5,125,25,0.5,125,25,0.5,450,400,450,400,25.15260295,3574.492,3550.51051,555.57,-531.58851
10,100,1000,100,0.5,125,50,0.5,125,50,0.5,450,400,450,400,17.16903604,3988.625,3246.2671,702.53,39.8279
10,100,1000,100,0.5,125,75,0.5,125,75,0.5,450,400,450,400,8.63993879,4472.801,3011.38441,967.33,494.08659
10,100,1000,100,0.5,125,100,0.5,125,100,0.5,450,400,450,400,5.613490544,4647.163,3000.94776,1195.45,450.76524
10,100,1000,100,0.5,150,25,0.5,150,25,0.5,450,400,450,400,21.38429008,3785.536,3684.74488,499.28,-398.48888
10,100,1000,100,0.5,150,50,0.5,150,50,0.5,450,400,450,400,17.61731901,3989.174,3371.96149,593.55,23.66251
10,100,1000,100,0.5,150,75,0.5,150,75,0.5,450,400,450,400,10.68138251,4379.04,3157.81738,747.15,474.07262
10,100,1000,100,0.5,150,100,0.5,150,100,0.5,450,400,450,400,5.231652369,4689.037,3127.52057,974.72,586.79643
10,100,1000,100,0.5,150,125,0.5,150,125,0.5,450,400,450,400,3.971811404,4763.469,3197.14933,1164.06,402.25967
10,100,1000,100,0.5,175,25,0.5,175,25,0.5,450,400,450,400,24.98980125,3628.044,3742.97777,437.03,-551.96377
10,100,1000,100,0.5,175,50,0.5,175,50,0.5,450,400,450,400,14.20098913,4170.436,3564.65618,533.05,72.72982
10,100,1000,100,0.5,175,75,0.5,175,75,0.5,450,400,450,400,13.26177478,4255.549,3321.05708,621.82,312.67192
10,100,1000,100,0.5,175,100,0.5,175,100,0.5,450,400,450,400,7.426631164,4573.416,3275.91446,773.46,524.04154
10,100,1000,100,0.5,175,125,0.5,175,125,0.5,450,400,450,400,4.663989853,4734.748,3362.57606,954.72,417.45194
10,100,1000,100,0.5,175,150,0.5,175,150,0.5,450,400,450,400,3.441850432,4801.35,3456.94249,1140.39,204.01751
10,100,1000,100,0.5,200,25,0.5,200,25,0.5,450,400,450,400,20.02375623,3891.256,3912.67526,406.69,-428.10926
10,100,1000,100,0.5,200,50,0.5,200,50,0.5,450,400,450,400,21.10420921,3843.135,3638.33664,457.2,-252.40164
10,100,1000,100,0.5,200,75,0.5,200,75,0.5,450,400,450,400,10.05913115,4437.74,3520.90782,557.81,359.02218
10,100,1000,100,0.5,200,100,0.5,200,100,0.5,450,400,450,400,11.2869056,4364.801,3424.92968,632.6,307.27132
10,100,1000,100,0.5,200,125,0.5,200,125,0.5,450,400,450,400,6.739884176,4616.279,3485.79964,767.28,363.19936
10,100,1000,100,0.5,200,150,0.5,200,150,0.5,450,400,450,400,4.294283462,4763.076,3611.07754,937.77,214.22846
10,100,1000,100,0.5,200,175,0.5,200,175,0.5,450,400,450,400,3.17790833,4818.304,3732.20223,1121,-34.89823
10,100,1000,100,0.5,225,25,0.5,225,25,0.5,450,400,450,400,16.29236443,4084.21,4122.22793,376.64,-414.65793
10,100,1000,100,0.5,225,50,0.5,225,50,0.5,450,400,450,400,14.55281469,4192.899,3837.5599,432.25,-76.9109
10,100,1000,100,0.5,225,75,0.5,225,75,0.5,450,400,450,400,19.62239877,3945.246,3611.14394,469.27,-135.16794
10,100,1000,100,0.5,225,100,0.5,225,100,0.5,450,400,450,400,8.164877974,4546.882,3647.30193,568.83,330.75007
10,100,1000,100,0.5,225,125,0.5,225,125,0.5,450,400,450,400,9.432398804,4479.501,3597.52854,647.39,234.58246
10,100,1000,100,0.5,225,150,0.5,225,150,0.5,450,400,450,400,5.47560018,4696.123,3710.96928,760.48,224.67372
10,100,1000,100,0.5,225,175,0.5,225,175,0.5,450,400,450,400,3.577287728,4796.869,3890.03449,927.02,-20.18549
10,100,1000,100,0.5,225,200,0.5,225,200,0.5,450,400,450,400,2.631608563,4842.012,4018.1068,1107.21,-283.3048
10,100,1000,100,0.5,250,25,0.5,250,25,0.5,450,400,450,400,24.66972114,3673.766,4621.28434,305.53,-1253.04834
10,100,1000,100,0.5,250,50,0.5,250,50,0.5,450,400,450,400,13.01060416,4283.858,4167.40602,389.57,-273.11802
10,100,1000,100,0.5,250,75,0.5,250,75,0.5,450,400,450,400,12.01970858,4341.466,3826.05889,448.13,67.27711
10,100,1000,100,0.5,250,100,0.5,250,100,0.5,450,400,450,400,19.03155608,3981.687,3685.54704,473.9,-177.76004
10,100,1000,100,0.5,250,125,0.5,250,125,0.5,450,400,450,400,6.714327776,4626.354,3871.93717,576.07,178.34683
10,100,1000,100,0.5,250,150,0.5,250,150,0.5,450,400,450,400,9.797040729,4465.425,3778.13191,634.82,52.47309
10,100,1000,100,0.5,250,175,0.5,250,175,0.5,450,400,450,400,5.156334276,4719.039,3992.26798,752.5,-25.72898
10,100,1000,100,0.5,250,200,0.5,250,200,0.5,450,400,450,400,3.700261516,4800.011,4165.0295,912.05,-277.0685
10,100,1000,100,0.5,250,225,0.5,250,225,0.5,450,400,450,400,2.766069893,4843.099,4303.84931,1086.94,-547.69031
10,100,1000,100,0.5,275,25,0.5,275,25,0.5,450,400,450,400,21.27728151,3850.949,4764.26584,289.75,-1203.06684
10,100,1000,100,0.5,275,50,0.5,275,50,0.5,450,400,450,400,20.36478087,3905.928,4661.68936,321.49,-1077.25136
10,100,1000,100,0.5,275,75,0.5,275,75,0.5,450,400,450,400,9.830280583,4468.832,4234.32058,404.6,-170.08858
10,100,1000,100,0.5,275,100,0.5,275,100,0.5,450,400,450,400,10.69223452,4428.59,3940.67516,457.34,30.57484
10,100,1000,100,0.5,275,125,0.5,275,125,0.5,450,400,450,400,18.28717164,4026.161,3790.12022,478.62,-242.57922
10,100,1000,100,0.5,275,150,0.5,275,150,0.5,450,400,450,400,5.925353688,4672.525,4090.00301,582.4,0.12199
10,100,1000,100,0.5,275,175,0.5,275,175,0.5,450,400,450,400,7.514330059,4580.683,4009.83528,633.74,-62.89228
10,100,1000,100,0.5,275,200,0.5,275,200,0.5,450,400,450,400,5.047312558,4712.151,4241.13772,737.84,-266.82672
10,100,1000,100,0.5,275,225,0.5,275,225,0.5,450,400,450,400,3.26532498,4817.919,4452.33032,901.49,-535.90132
10,100,1000,100,0.5,275,250,0.5,275,250,0.5,450,400,450,400,2.900294307,4836.919,4563.53789,1059.29,-785.90889
10,100,1000,100,0.5,300,25,0.5,300,25,0.5,450,400,450,400,18.54850579,3994.14,4915.87614,274.53,-1196.26614
10,100,1000,100,0.5,300,50,0.5,300,50,0.5,450,400,450,400,17.39987617,4068.286,4811.7446,303.29,-1046.7486
10,100,1000,100,0.5,300,75,0.5,300,75,0.5,450,400,450,400,17.43594358,4068.33,4744.40718,334.54,-1010.61718
10,100,1000,100,0.5,300,100,0.5,300,100,0.5,450,400,450,400,8.097630684,4559.269,4419.98819,412.46,-273.17919
10,100,1000,100,0.5,300,125,0.5,300,125,0.5,450,400,450,400,9.776853046,4474.11,4122.05478,461.65,-109.59478
10,100,1000,100,0.5,300,150,0.5,300,150,0.5,450,400,450,400,17.26044668,4082.021,3913.00723,484.14,-315.12623
10,100,1000,100,0.5,300,175,0.5,300,175,0.5,450,400,450,400,5.063349216,4723.721,4359.11201,581.85,-217.24101
10,100,1000,100,0.5,300,200,0.5,300,200,0.5,450,400,450,400,6.22444566,4664.154,4254.34124,631.67,-221.85724
10,100,1000,100,0.5,300,225,0.5,300,225,0.5,450,400,450,400,5.250470043,4710.545,4455.66651,720.16,-465.28151
10,100,1000,100,0.5,300,250,0.5,300,250,0.5,450,400,450,400,3.324363255,4812.214,4729.37743,888.59,-805.75343
10,100,1000,100,0.5,300,275,0.5,300,275,0.5,450,400,450,400,2.645587048,4841.909,4875.90595,1051.26,-1085.25695
10,100,1000,100,0.5,325,25,0.5,325,25,0.5,450,400,450,400,15.97034682,4123.129,5077.09878,260.58,-1214.54978
10,100,1000,100,0.5,325,50,0.5,325,50,0.5,450,400,450,400,14.50902033,4209.114,4970.49497,287.02,-1048.40097
10,100,1000,100,0.5,325,75,0.5,325,75,0.5,450,400,450,400,14.08755612,4239.675,4909.39315,315.82,-985.53815
10,100,1000,100,0.5,325,100,0.5,325,100,0.5,450,400,450,400,15.18899731,4186.049,4886.96159,344.06,-1044.97259
10,100,1000,100,0.5,325,125,0.5,325,125,0.5,450,400,450,400,6.716558638,4641.611,4655.93702,418.81,-433.13602
10,100,1000,100,0.5,325,150,0.5,325,150,0.5,450,400,450,400,9.412102749,4491.48,4300.62316,463.97,-273.11316
10,100,1000,100,0.5,325,175,0.5,325,175,0.5,450,400,450,400,17.17841555,4076.875,4055.97751,486.92,-466.02251
10,100,1000,100,0.5,325,200,0.5,325,200,0.5,450,400,450,400,7.182325414,4615.229,4602.13605,563.55,-550.45705
10,100,1000,100,0.5,325,225,0.5,325,225,0.5,450,400,450,400,5.844263493,4676.417,4544.66632,623.41,-491.65932
10,100,1000,100,0.5,325,250,0.5,325,250,0.5,450,400,450,400,4.272146213,4765.754,4763.47781,721.23,-718.95381
10,100,1000,100,0.5,325,275,0.5,325,275,0.5,450,400,450,400,3.221989513,4814.493,5019.78864,876.84,-1082.13564
10,100,1000,100,0.5,325,300,0.5,325,300,0.5,450,400,450,400,2.700956841,4842.134,5183.82481,1044.05,-1385.74081
10,100,1000,100,0.5,350,25,0.5,350,25,0.5,450,400,450,400,14.18731962,4232.036,5232.12451,247.72,-1247.80851
10,100,1000,100,0.5,350,50,0.5,350,50,0.5,450,400,450,400,12.18034985,4339.363,5138.80941,272.3,-1071.74641
10,100,1000,100,0.5,350,75,0.5,350,75,0.5,450,400,450,400,11.31250175,4383.169,5082.89673,298.35,-998.07773
10,100,1000,100,0.5,350,100,0.5,350,100,0.5,450,400,450,400,11.85492757,4365.049,5072.44671,325.22,-1032.61771
10,100,1000,100,0.5,350,125,0.5,350,125,0.5,450,400,450,400,13.42707195,4282.729,5049.59108,351.73,-1118.59208
10,100,1000,100,0.5,350,150,0.5,350,150,0.5,450,400,450,400,5.727092814,4690.288,4919.91194,423.27,-652.89394
10,100,1000,100,0.5,350,175,0.5,350,175,0.5,450,400,450,400,8.486504748,4549.07,4508.64477,468.66,-428.23477
10,100,1000,100,0.5,350,200,0.5,350,200,0.5,450,400,450,400,15.21700913,4185.963,4204.34662,486.17,-504.55362
10,100,1000,100,0.5,350,225,0.5,350,225,0.5,450,400,450,400,6.747520703,4630.811,4833.10116,558.28,-760.57016
10,100,1000,100,0.5,350,250,0.5,350,250,0.5,450,400,450,400,7.118456761,4620.992,4809.88824,605.7,-794.59624
10,100,1000,100,0.5,350,275,0.5,350,275,0.5,450,400,450,400,4.180538078,4770.259,5063.46987,715.65,-1008.86087
10,100,1000,100,0.5,350,300,0.5,350,300,0.5,450,400,450,400,3.167713881,4816.698,5311.61344,865.31,-1360.22544
10,100,1000,100,0.5,350,325,0.5,350,325,0.5,450,400,450,400,2.654869968,4853.496,5446.33825,1024.52,-1617.36225
10,100,1000,100,0.5,375,25,0.5,375,25,0.5,450,400,450,400,12.6723922,4305.248,5402.9053,234.63,-1332.2873
10,100,1000,100,0.5,375,50,0.5,375,50,0.5,450,400,450,400,10.14461135,4442.869,5315.58683,258.2,-1130.91783
10,100,1000,100,0.5,375,75,0.5,375,75,0.5,450,400,450,400,9.08458993,4510.108,5250.49645,282.79,-1023.17845
10,100,1000,100,0.5,375,100,0.5,375,100,0.5,450,400,450,400,9.13814219,4505.503,5258.34324,306.58,-1059.42024
10,100,1000,100,0.5,375,125,0.5,375,125,0.5,450,400,450,400,10.10030689,4451.363,5262.94821,331.35,-1142.93521
10,100,1000,100,0.5,375,150,0.5,375,150,0.5,450,400,450,400,12.08878844,4348.341,5226.06847,356.84,-1234.56747
10,100,1000,100,0.5,375,175,0.5,375,175,0.5,450,400,450,400,4.934079787,4739.193,5168.81327,426.66,-856.28027
10,100,1000,100,0.5,375,200,0.5,375,200,0.5,450,400,450,400,7.808794408,4571.757,4734.07463,472.76,-635.07763
10,100,1000,100,0.5,375,225,0.5,375,225,0.5,450,400,450,400,12.55401586,4328.605,4411.53388,488.2,-571.12888
10,100,1000,100,0.5,375,250,0.5,375,250,0.5,450,400,450,400,5.486127557,4702.239,5111.14799,560.22,-969.12899
10,100,1000,100,0.5,375,275,0.5,375,275,0.5,450,400,450,400,5.821554411,4681.719,5102.98908,607.09,-1028.36008
10,100,1000,100,0.5,375,300,0.5,375,300,0.5,450,400,450,400,4.527482282,4745.403,5358.6578,700.6,-1313.8548
10,100,1000,100,0.5,375,325,0.5,375,325,0.5,450,400,450,400,2.942188886,4839.633,5603.77503,860.59,-1624.73203
10,100,1000,100,0.5,375,350,0.5,375,350,0.5,450,400,450,400,2.493039942,4858.879,5748.90368,1013.04,-1903.06468
